"ion","moleculeNames","mol_name_one_to_one","DB_name","adduct"
"H3O4P+Cl","[""Phosphate""]","Phosphate+Cl","CoreMetabolome","+Cl"
"C6H9NO5-H","[""N-Acetyl-L-aspartic acid""]","N-Acetyl-L-aspartic acid-H","CoreMetabolome","-H"
"C6H12O6+Cl","[""Beta-D-Glucose"", ""D-Fructose"", ""Allose"", ""D-Glucose"", ""myo-Inositol"", ""D-Galactose"", ""D-Mannose"", ""Levoinositol"", ""L-Gulose"", ""Beta-D-Galactose"", ""L-Galactose"", ""D-Tagatose"", ""D-chiro-inositol"", ""Alpha-D-Glucose"", ""L-Sorbose"", ""scyllo-Inositol""]","D-Glucose*+Cl","CoreMetabolome","+Cl"
"C2H7NO3S-H","[""Taurine""]","Taurine-H","CoreMetabolome","-H"
"C5H9NO4-H","[""D-Glutamic acid"", ""O-Acetylserine"", ""N-Acetylserine"", ""L-Glutamic acid"", ""N-Methyl-D-aspartic acid""]","Glutamic acid*-H","CoreMetabolome","-H"
"C6H10O6+Cl","[""2-Keto-3-deoxy-D-gluconic acid"", ""Gluconolactone"", ""L-Gulonolactone""]","Gluconolactone*+Cl","CoreMetabolome","+Cl"
"C5H5N5+Cl","[""Adenine""]","Adenine+Cl","CoreMetabolome","+Cl"
"C6H8O7+Cl","[""Isocitric acid"", ""Citric acid"", ""Diketogulonic acid""]","Citric acid+Cl","CoreMetabolome","+Cl"
"C5H10N2O3-H","[""Alanylglycine"", ""L-Glutamine"", ""Ureidoisobutyric acid"", ""D-Glutamine""]","Glutamine*-H","CoreMetabolome","-H"
"C23H46NO7P-H","[""LysoPE(0:0/18:1(11Z))"", ""LysoPE(0:0/18:1(9Z))"", ""LysoPE(18:1(11Z)/0:0)"", ""LysoPE(18:1(9Z)/0:0)""]","LysoPE(18:1)-H","CoreMetabolome","-H"
"C4H7NO4-H","[""Iminodiacetic acid"", ""L-Aspartic acid"", ""D-Aspartic acid"", ""1-deoxy-1-(N6-lysino)-D-fructose""]","Aspartic acid*-H","CoreMetabolome","-H"
"C5H5N5O+Cl","[""Guanine"", ""2-Hydroxyadenine""]","Guanine+Cl","CoreMetabolome","+Cl"
"C4H8NO7P+Cl","[""L-Aspartyl-4-phosphate""]","L-Aspartyl-4-phosphate+Cl","CoreMetabolome","+Cl"
"C5H5N5-H","[""Adenine""]","Adenine-H","CoreMetabolome","-H"
"C2H8NO4P+Cl","[""O-Phosphoethanolamine""]","O-Phosphoethanolamine+Cl","CoreMetabolome","+Cl"
"C5H10N2O3+Cl","[""Alanylglycine"", ""L-Glutamine"", ""Ureidoisobutyric acid"", ""D-Glutamine""]","Glutamine*+Cl","CoreMetabolome","+Cl"
"C2H8NO4P-H","[""O-Phosphoethanolamine""]","O-Phosphoethanolamine-H","CoreMetabolome","-H"
"C4H6O4-H","[""Methylmalonic acid"", ""Succinic acid""]","Succinic acid*-H","CoreMetabolome","-H"
"C5H9NO3-H","[""N-Acetyl-beta-alanine"", ""N-Acetyl-L-alanine"", ""cis-4-Hydroxy-D-proline"", ""L-Glutamic gamma-semialdehyde"", ""5-Aminolevulinic acid"", ""Propionylglycine"", ""4-Hydroxyproline""]","N-Acetyl-beta-alanine*-H","CoreMetabolome","-H"
"C4H9N3O2+Cl","[""Creatine"", ""Beta-Guanidinopropionic acid""]","Creatine+Cl","CoreMetabolome","+Cl"
"H4O7P2-H","[""Pyrophosphate""]","Pyrophosphate-H","CoreMetabolome","-H"
"C11H16N2O8-H","[""N-Acetylaspartylglutamic acid""]","N-Acetylaspartylglutamic acid-H","CoreMetabolome","-H"
"C6H8O5-H","[""Oxoadipic acid"", ""3-Oxoadipic acid""]","Oxoadipic acid-H","CoreMetabolome","-H"
"C3H8NO6P+Cl","[""Phosphoserine""]","Phosphoserine+Cl","CoreMetabolome","+Cl"
"C5H7NO3-H","[""Pyroglutamic acid"", ""Pyrroline hydroxycarboxylic acid""]","Pyroglutamic acid*-H","CoreMetabolome","-H"
"C5H14NO6P-H","[""sn-glycero-3-Phosphoethanolamine"", ""Glycerylphosphorylethanolamine""]","Glycerylphosphorylethanolamine-H","CoreMetabolome","-H"
"C5H5N5O-H","[""Guanine"", ""2-Hydroxyadenine""]","Guanine-H","CoreMetabolome","-H"
"C8H15NO9S-H","[""N-Acetylglucosamine 6-sulfate"", ""N-Acetylgalactosamine 4-sulphate""]","N-Acetylgalactosamine 4-sulphate-H","CoreMetabolome","-H"
"C4H6O5-H","[""Malic acid""]","Malic acid-H","CoreMetabolome","-H"
"C10H14N5O7P-H","[""Adenosine monophosphate"", ""DEOXYGUANOSINE-MONOPHOSPHATE"", ""3'-AMP"", ""2'-Deoxyguanosine 5'-monophosphate""]","Adenosine monophosphate*-H","CoreMetabolome","-H"
"C6H8O6-H","[""Ascorbic acid"", ""D-Glucurono-6,3-lactone""]","Ascorbic acid-H","CoreMetabolome","-H"
"C5H6O4-H","[""Citraconic acid"", ""2-Pentendioate"", ""Mesaconic acid"", ""Itaconic acid"", ""Glutaconic acid"", ""2-Hydroxyglutaric acid lactone""]","Itaconic acid*-H","CoreMetabolome","-H"
"C3H9O6P-H","[""Beta-Glycerophosphoric acid"", ""Glycerol 3-phosphate""]","Glycerol 3-phosphate-H","CoreMetabolome","-H"
"C10H16N4O3-H","[""Anserine"", ""Homocarnosine""]","Anserine-H","CoreMetabolome","-H"
"C5H8O5-H","[""Ribonolactone"", ""3-Hydroxyglutaric acid"", ""Citramalic acid"", ""D-2-Hydroxyglutaric acid"", ""L-2-Hydroxyglutaric acid""]","Hydroxyglutaric acid*-H","CoreMetabolome","-H"
"C10H17N3O6S-H","[""Glutathione""]","Glutathione-H","CoreMetabolome","-H"
"H4O7P2+Cl","[""Pyrophosphate""]","Pyrophosphate+Cl","CoreMetabolome","+Cl"
"C6H8N2O4-H","[""Hydantoin-5-propionic acid""]","Hydantoin-5-propionic acid-H","CoreMetabolome","-H"
"C6H10O6-H","[""2-Keto-3-deoxy-D-gluconic acid"", ""Gluconolactone"", ""L-Gulonolactone""]","Gluconolactone*-H","CoreMetabolome","-H"
"C2H5O5P-H","[""Phosphonoacetate""]","Phosphonoacetate-H","CoreMetabolome","-H"
"C5H4N4O2-H","[""Xanthine"", ""Oxypurinol""]","Xanthine-H","CoreMetabolome","-H"
"C18H34O2-H","[""Oleic acid"", ""Elaidic acid"", ""Ethyl 9-hexadecenoate"", ""(Z)-13-Octadecenoic acid"", ""cis-Vaccenic acid"", ""Octadec-9-enoic Acid"", ""Petroselinic acid"", ""7Z-octadecenoic acid"", ""Vaccenic acid"", ""(E)-13-Octadecenoic acid""]","Oleic acid*-H","CoreMetabolome","-H"
"C23H48NO7P-H","[""LysoPE(18:0/0:0)"", ""LysoPC(15:0)"", ""LysoPE(0:0/18:0)""]","LysoPE(18:0)-H","CoreMetabolome","-H"
"C11H19NO9-H","[""O-Acetylneuraminic acid"", ""N-Acetylneuraminic acid"", ""N-ACETYLNEURAMINATE""]","Acetylneuraminic acid-H","CoreMetabolome","-H"
"C7H12N2O4-H","[""N-Acetylglutamine""]","N-Acetylglutamine-H","CoreMetabolome","-H"
"C21H43O7P-H","[""LysoPA(18:0/0:0)"", ""LysoPA(0:0/18:0)""]","LysoPA(18:0)-H","CoreMetabolome","-H"
"C19H39O7P-H","[""LysoPA(16:0/0:0)"", ""LysoPA(0:0/16:0)""]","LysoPA(16:0)-H","CoreMetabolome","-H"
"C3H8NO6P-H","[""Phosphoserine""]","Phosphoserine-H","CoreMetabolome","-H"
"C6H9N3O2-H","[""L-Histidine""]","L-Histidine-H","CoreMetabolome","-H"
"C10H17N3O6-H","[""N2-gamma-Glutamylglutamine"", ""N-gamma-Glutamylglutamine""]","N-gamma-Glutamylglutamine-H","CoreMetabolome","-H"
"C4H4O4-H","[""Maleic acid"", ""Fumaric acid""]","Fumaric acid*-H","CoreMetabolome","-H"
"C7H12N2O3-H","[""Glycylproline"", ""Prolylglycine""]","Glycylproline*-H","CoreMetabolome","-H"
"C5H6O5-H","[""3-Oxoglutaric acid"", ""Oxoglutaric acid""]","Oxoglutaric acid-H","CoreMetabolome","-H"
"C6H12O6-H","[""Beta-D-Glucose"", ""D-Fructose"", ""Allose"", ""D-Glucose"", ""myo-Inositol"", ""D-Galactose"", ""D-Mannose"", ""Levoinositol"", ""L-Gulose"", ""Beta-D-Galactose"", ""L-Galactose"", ""D-Tagatose"", ""D-chiro-inositol"", ""Alpha-D-Glucose"", ""L-Sorbose"", ""scyllo-Inositol""]","D-Glucose*-H","CoreMetabolome","-H"
"C4H9N3O2-H","[""Creatine"", ""Beta-Guanidinopropionic acid""]","Creatine-H","CoreMetabolome","-H"
"CH5O4P-H","[""Methylphosphate""]","Methylphosphate-H","CoreMetabolome","-H"
"C4H9NO2-H","[""2-Aminoisobutyric acid"", ""3-Aminoisobutanoic acid"", ""gamma-Aminobutyric acid"", ""D-alpha-Aminobutyric acid"", ""(R)-b-aminoisobutyric acid"", ""Dimethylglycine"", ""L-alpha-Aminobutyric acid"", ""(S)-b-aminoisobutyric acid"", ""N-Methylalanine""]","GABA*-H","CoreMetabolome","-H"
"C3H7NO3-H","[""D-Serine"", ""L-Serine""]","Serine-H","CoreMetabolome","-H"
"C4H8O5-H","[""Erythronic acid"", ""Threonic acid""]","Erythronic acid*-H","CoreMetabolome","-H"
"C5H4N4-H","[""Purine""]","Purine-H","CoreMetabolome","-H"
"C3H5O6P-H","[""Phosphoenolpyruvic acid""]","Phosphoenolpyruvic acid-H","CoreMetabolome","-H"
"C10H15N5O10P2-H","[""DGDP"", ""Adenosine 3',5'-diphosphate"", ""dGDP"", ""ADP""]","ADP*-H","CoreMetabolome","-H"
"C4H9NO3-H","[""L-Allothreonine"", ""4-Amino-3-hydroxybutyrate"", ""L-Homoserine"", ""L-Threonine""]","Threonine*-H","CoreMetabolome","-H"
"C4H7NO3-H","[""Acetylglycine"", ""L-Aspartate-semialdehyde"", ""L-2-Amino-3-oxobutanoic acid""]","Acetylglycine*-H","CoreMetabolome","-H"
"C5H10NO7P-H","[""L-Glutamic acid 5-phosphate""]","L-Glutamic acid 5-phosphate-H","CoreMetabolome","-H"
"C6H11O9P-H","[""6-Phosphonoglucono-D-lactone""]","6-Phosphonoglucono-D-lactone-H","CoreMetabolome","-H"
"C3H7O6P-H","[""D-Glyceraldehyde 3-phosphate""]","D-Glyceraldehyde 3-phosphate-H","CoreMetabolome","-H"
"H5O10P3-H","[""Triphosphate"", ""PPPi""]","Triphosphate-H","CoreMetabolome","-H"
"C6H10O7-H","[""D-Glucuronic acid"", ""3,4,5,6-tetrahydroxyoxane-2-carboxylic acid"", ""Iduronic acid"", ""Pectic acid"", ""Pectin"", ""Galacturonic acid"", ""5-Keto-D-gluconate"", ""2-Keto-L-gluconate""]","D-Glucuronic acid*-H","CoreMetabolome","-H"
"C6H6O6-H","[""Dehydroascorbic acid"", ""cis-Aconitic acid"", ""trans-Aconitic acid""]","Aconitic acid*-H","CoreMetabolome","-H"
"CH4NO5P+Cl","[""Carbamoyl phosphate""]","Carbamoyl phosphate+Cl","CoreMetabolome","+Cl"
"C6H10N2O4-H","[""Formiminoglutamic acid"", ""N-Acetylasparagine""]","N-Acetylasparagine*-H","CoreMetabolome","-H"
"C6H12O9S-H","[""D-galactose 6-sulfate"", ""D-glucose 6-sulfate"", ""D-glucose 6-sulfate(1-)"", ""3-O-sulfo-beta-D-galactose"", ""6-deoxy-6-sulfo-D-gluconate(2-)"", ""6-deoxy-6-sulfo-D-gluconic acid""]","D-glucose 6-sulfate*-H","HMDB","-H"
"C3H7O5P-H","[""hydroxyacetone phosphate"", ""glycerol 1,2-cyclic phosphate"", ""hydroxyacetone phosphate(2-)"", ""glycerol 1,2-cyclic phosphate(1-)"", ""propanoyl phosphate(2-)"", ""propanoyl phosphate""]","hydroxyacetone phosphate*-H","ChEBI","-H"
"C21H41O6P-H","[""1-oleylglycerone 3-phosphate(2-)"", ""1-oleylglycerone 3-phosphate""]","1-oleylglycerone 3-phosphate-H","HMDB","-H"
"C21H41O7P-H","[""1-stearoylglycerone 3-phosphate"", ""1-octadec-9-enoylglycero-3-phosphate"", ""1-oleoyl-sn-glycerol 3-phosphate"", ""1-oleoyl-sn-glycero-3-phosphate(2-)"", ""2-oleoyl-sn-glycero-3-phosphate(2-)"", ""2-oleoyl-sn-glycero-3-phosphate""]","1-stearoylglycerone 3-phosphate*-H","HMDB","-H"
"C8H13NO5-H","[""N-acetyl-L-2-aminoadipic acid"", ""N-acetyl-L-2-aminoadipate(2-)"", ""N-(ethoxycarbonyl)-4-hydroxyproline"", ""N-(methoxyacetyl)-4-hydroxyproline"", ""2-acetamidoglucal""]","N-acetyl-L-2-aminoadipic acid*-H","ChEBI","-H"
"C4H12NO4P-H","[""N,N-dimethylethanolamine phosphate"", ""N,N-dimethylethanolamine phosphate(1-)""]","N,N-dimethylethanolamine phosphate-H","HMDB","-H"
"C21H39O6P-H","[""1-oleoyl-sn-glycerol 2,3-cyclic phosphate"", ""1-(9Z,12Z)-octadecadienylglycerone 3-phosphate(2-)"", ""1-(9Z,12Z)-octadecadienylglycerone 3-phosphate""]","1-oleoyl-sn-glycerol 2,3-cyclic phosphate*-H","HMDB","-H"
"C6H7O6-H","[""monodehydro-L-ascorbic acid"", ""monodehydro-L-ascorbate(1-)""]","monodehydro-L-ascorbic acid-H","ChEBI","-H"
"C3H10NO4P-H","[""N-methylethanolamine phosphate"", ""1-aminopropan-2-yl phosphate"", ""(S)-1-aminopropan-2-yl phosphate"", ""(R)-1-aminopropan-2-yl phosphate"", ""N-methylethanolaminium phosphate(1-)"", ""(R)-1-ammoniopropan-2-yl phosphate(1-)""]","N-methylethanolamine phosphate*-H","HMDB","-H"
"C11H17NO8-H","[""2-deoxy-2,3-dehydro-N-acetylneuraminic acid"", ""N-acetyl-2,7-anhydro-alpha-neuraminic acid""]","N-acetyl-2,7-anhydro-alpha-neuraminic acid*-H","ChEBI","-H"
"C5H7NO4-H","[""2-oxoglutaramate"", ""4-oxoglutaramate"", ""2-oxoglutaramic acid"", ""4-oxoglutaramic acid""]","oxoglutaramic acid-H","HMDB","-H"
"C7H11NO4-H","[""2-acetamido-5-oxopentanoic acid"", ""2-acetamido-5-oxopentanoate"", ""(5S)-5-(carboxymethyl)-L-proline"", ""(5S)-5-(carboxymethyl)-L-proline(1-)""]","2-acetamido-5-oxopentanoic acid*-H","HMDB","-H"
"C5H8O6-H","[""2-dehydro-D-xylonate"", ""D-xyluronic acid""]","D-xyluronic acid*-H","ChEBI","-H"
"C19H37O6P-H","[""CPA(16:0/0:0)""]","CPA(16:0/0:0)-H","HMDB","-H"
"C5H4O5-H","[""2-oxoglutarate(2-)""]","2-oxoglutarate(2-)-H","HMDB","-H"
"C5H12NO6P-H","[""N-Lactoyl ethanolamine phosphate""]","N-Lactoyl ethanolamine phosphate-H","HMDB","-H"
"C6H14NO7P-H","[""1-alkyl-2-acylglycerophosphoethanolamine""]","1-alkyl-2-acylglycerophosphoethanolamine-H","HMDB","-H"
"C8H11NO5-H","[""N-acetyl-L-2-aminoadipate(2-)""]","N-acetyl-L-2-aminoadipate(2-)-H","HMDB","-H"
"C28H38O4-H","[""FAHFA 10:2/O-18:6"", ""FAHFA 10:3/O-18:5"", ""FAHFA 11:3/O-17:5"", ""FAHFA 12:3/O-16:5"", ""FAHFA 12:4/O-16:4"", ""FAHFA 13:3/O-15:5"", ""FAHFA 13:4/O-15:4"", ""FAHFA 14:4/O-14:4"", ""FAHFA 15:4/O-13:4"", ""FAHFA 15:5/O-13:3"", ""FAHFA 16:4/O-12:4"", ""FAHFA 16:5/O-12:3"", ""FAHFA 17:5/O-11:3"", ""FAHFA 18:5/O-10:3"", ""FAHFA 18:6/O-10:2"", ""FAHFA 19:5/O-9:3"", ""FAHFA 19:6/O-9:2"", ""FAHFA 20:6/O-8:2"", ""FAHFA 28:8;O"", ""FAHFA 8:2/O-20:6"", ""FAHFA 9:2/O-19:6"", ""FAHFA 9:3/O-19:5"", ""ST 28:6;O4""]","FAHFA*-H","refmet","-H"
"C8H7O4-H","[""chebi:17612""]","(3,4-dihydroxyphenyl)acetate-H","RAMP_DB","-H"
"C6H8O7-H","[""hmdb:HMDB0000094""]","Citric acid*-H","RAMP_DB","-H"
"C4H8N2O3-H","[""hmdb:HMDB0000168"", ""hmdb:HMDB0033780"", ""hmdb:HMDB0251512""]","Asparagine*-H","RAMP_DB","-H"
"C6H13O9P-H","[""hmdb:HMDB0000213"", ""hmdb:HMDB0001313"", ""hmdb:HMDB0002985"", ""hmdb:HMDB0006814"", ""hmdb:HMDB0242486""]","Hexose-phosphate-H","RAMP_DB","-H"
