"p_val","avg_log2FC","pct.1","pct.2","p_val_adj","cluster","gene","diff_pct","Cell_type_fine","Cell_type_coarse"
0,2.83800315507099,0.994,0.27,0,"0","Slc17a7",0.724,"Excitatory_VGLUT1","Excitatory"
0,1.88469750851634,0.684,0.244,0,"0","Pde1a",0.44,"Excitatory_VGLUT1","Excitatory"
0,1.57239916285468,0.868,0.315,0,"0","Gda",0.553,"Excitatory_VGLUT1","Excitatory"
0,1.45165090884347,0.94,0.536,0,"0","Rbfox3",0.404,"Excitatory_VGLUT1","Excitatory"
0,1.16932318190494,0.95,0.652,0,"0","Syn1",0.298,"Excitatory_VGLUT1","Excitatory"
0,1.14629112343895,0.423,0.187,0,"0","Bdnf",0.236,"Excitatory_VGLUT1","Excitatory"
0,1.04040830750411,0.927,0.641,0,"0","Hk1",0.286,"Excitatory_VGLUT1","Excitatory"
0,0.959838274187441,0.761,0.508,0,"0","Hmgcr",0.253,"Excitatory_VGLUT1","Excitatory"
0,0.661823658376032,0.711,0.467,0,"0","Dhcr24",0.244,"Excitatory_VGLUT1","Excitatory"
0,0.604304849137435,0.995,0.858,0,"0","Map2",0.137,"Excitatory_VGLUT1","Excitatory"
0,0.480984572443962,0.984,0.743,0,"0","Tubb3",0.241,"Excitatory_VGLUT1","Excitatory"
0,0.44737488889974,1,0.977,0,"0","Psap",0.023,"Excitatory_VGLUT1","Excitatory"
0,-2.5982372498641,0.404,0.582,0,"0","Aldoc",-0.178,"Excitatory_VGLUT1","Excitatory"
0,-4.13902723139094,0.135,0.591,0,"0","Slc6a1",-0.456,"Excitatory_VGLUT1","Excitatory"
0,-4.33278838001749,0.051,0.248,0,"0","Plp1",-0.197,"Excitatory_VGLUT1","Excitatory"
0,-4.70389002332927,0.052,0.365,0,"0","Gad1",-0.313,"Excitatory_VGLUT1","Excitatory"
0,-5.89102601414472,0.021,0.314,0,"0","Gad2",-0.293,"Excitatory_VGLUT1","Excitatory"
9.26196670364173e-233,-6.24284549002098,0.004,0.107,7.78005203105905e-231,"0","Gfap",-0.103,"Excitatory_VGLUT1","Excitatory"
1.35507207987709e-209,-4.31713160949975,0.013,0.114,1.13826054709676e-207,"0","Acsbg1",-0.101,"Excitatory_VGLUT1","Excitatory"
1.92987792116404e-197,1.05057115192074,0.463,0.328,1.6210974537778e-195,"0","B3gat1",0.135,"Excitatory_VGLUT1","Excitatory"
2.06827974639198e-192,-2.85043710092793,0.044,0.156,1.73735498696926e-190,"0","Npy2r",-0.112,"Excitatory_VGLUT1","Excitatory"
4.88632369226172e-189,-2.67152353559554,0.096,0.217,4.10451190149984e-187,"0","Slc17a6",-0.121,"Excitatory_VGLUT1","Excitatory"
2.17038862672384e-145,0.36755575035953,0.796,0.66,1.82312644644803e-143,"0","Gphn",0.136,"Excitatory_VGLUT1","Excitatory"
1.04125906185712e-119,1.43368389320665,0.1,0.037,8.74657611959977e-118,"0","Ndst4",0.063,"Excitatory_VGLUT1","Excitatory"
4.17518447937205e-117,0.502833938499415,0.108,0.041,3.50715496267252e-115,"0","Neurod1",0.067,"Excitatory_VGLUT1","Excitatory"
4.91495679613918e-110,-1.27232179233409,0.181,0.285,4.12856370875691e-108,"0","Inpp4b",-0.104,"Excitatory_VGLUT1","Excitatory"
4.6672459445818e-82,-1.79014011154322,0.043,0.105,3.92048659344871e-80,"0","Plce1",-0.062,"Excitatory_VGLUT1","Excitatory"
1.2890063161784e-78,-1.7307121298836,0.299,0.364,1.08276530558986e-76,"0","Prdx6",-0.065,"Excitatory_VGLUT1","Excitatory"
2.01811745757046e-59,-1.2116147670303,0.071,0.13,1.69521866435919e-57,"0","Galntl6",-0.059,"Excitatory_VGLUT1","Excitatory"
1.11604994028903e-58,-2.38819067655671,0.224,0.272,9.37481949842785e-57,"0","Gpx3",-0.048,"Excitatory_VGLUT1","Excitatory"
1.30145163656315e-48,-1.24523973254057,0.319,0.36,1.09321937471304e-46,"0","Aldh2",-0.041,"Excitatory_VGLUT1","Excitatory"
1.02558023684055e-27,-1.90799146377483,0.096,0.132,8.61487398946065e-26,"0","Aldh1l1",-0.036,"Excitatory_VGLUT1","Excitatory"
5.38626995928481e-27,-1.21482878449745,0.225,0.263,4.52446676579924e-25,"0","Pde7b",-0.038,"Excitatory_VGLUT1","Excitatory"
5.348558655273e-21,-1.01744660598259,0.343,0.358,4.49278927042932e-19,"0","Nefh",-0.015,"Excitatory_VGLUT1","Excitatory"
1.73698298389295e-17,-1.39073714656318,0.176,0.203,1.45906570647008e-15,"0","Nos1",-0.027,"Excitatory_VGLUT1","Excitatory"
2.64972654484071e-16,-1.06640980644225,0.131,0.157,2.22577029766619e-14,"0","Ust",-0.026,"Excitatory_VGLUT1","Excitatory"
1.49076807386165e-11,-2.87666542372015,0.124,0.143,1.25224518204379e-09,"0","Enpp2",-0.019,"Excitatory_VGLUT1","Excitatory"
1.75065611600354e-11,-0.96991887369221,0.584,0.49,1.47055113744297e-09,"0","Pcp4",0.094,"Excitatory_VGLUT1","Excitatory"
2.15442709581667e-06,-0.62498244437218,0.109,0.124,0.0001809718760486,"0","Fdft1",-0.015,"Excitatory_VGLUT1","Excitatory"
0.00050360078569133,-0.766836581202599,0.152,0.159,0.0423024659980717,"0","Soat1",-0.00700000000000001,"Excitatory_VGLUT1","Excitatory"
0,5.04724884284904,0.183,0.018,0,"1","Sst",0.165,"Inhibitory_cortex","Inhibitory"
0,4.46594428933382,0.903,0.074,0,"1","Gad2",0.829,"Inhibitory_cortex","Inhibitory"
0,3.01300999335692,0.203,0.038,0,"1","Pdyn",0.165,"Inhibitory_cortex","Inhibitory"
0,2.49612861259166,0.445,0.208,0,"1","Pde7b",0.237,"Inhibitory_cortex","Inhibitory"
0,2.4292692511481,0.915,0.126,0,"1","Gad1",0.789,"Inhibitory_cortex","Inhibitory"
0,1.81378897713396,0.435,0.217,0,"1","Gpx3",0.218,"Inhibitory_cortex","Inhibitory"
0,1.12568018654666,0.874,0.362,0,"1","Slc6a1",0.512,"Inhibitory_cortex","Inhibitory"
0,0.515764804920867,0.988,0.878,0,"1","Map2",0.11,"Inhibitory_cortex","Inhibitory"
0,-3.68100944620345,0.05,0.304,0,"1","Bdnf",-0.254,"Inhibitory_cortex","Inhibitory"
0,-4.41472678878777,0.079,0.574,0,"1","Slc17a7",-0.495,"Inhibitory_cortex","Inhibitory"
1.77734313212325e-251,1.47742952765309,0.233,0.085,1.49296823098353e-249,"1","Galntl6",0.148,"Inhibitory_cortex","Inhibitory"
1.65410363133432e-137,-1.64396892039151,0.074,0.206,1.38944705032083e-135,"1","Slc17a6",-0.132,"Inhibitory_cortex","Inhibitory"
2.14807411247514e-105,-2.74665248505252,0.105,0.21,1.80438225447911e-103,"1","Plp1",-0.105,"Inhibitory_cortex","Inhibitory"
2.98947038742666e-105,1.22922131183667,0.208,0.112,2.51115512543839e-103,"1","B3galt1",0.096,"Inhibitory_cortex","Inhibitory"
1.9384228132165e-103,0.296043005501552,0.904,0.826,1.62827516310186e-101,"1","Ogt",0.0780000000000001,"Inhibitory_cortex","Inhibitory"
4.62793671915471e-100,0.411786749291738,0.486,0.34,3.88746684408995e-98,"1","B3gat1",0.146,"Inhibitory_cortex","Inhibitory"
2.01602905901205e-94,1.36175139219221,0.197,0.106,1.69346440957012e-92,"1","Npy2r",0.091,"Inhibitory_cortex","Inhibitory"
2.17102971676669e-87,-2.89317217892428,0.052,0.138,1.82366496208402e-85,"1","Aldh1l1",-0.086,"Inhibitory_cortex","Inhibitory"
1.64936622078741e-77,0.299872709297539,0.788,0.679,1.38546762546143e-75,"1","Gphn",0.109,"Inhibitory_cortex","Inhibitory"
5.43938892725366e-71,0.99660260021989,0.105,0.047,4.56908669889308e-69,"1","Man1a",0.058,"Inhibitory_cortex","Inhibitory"
9.91113868644445e-53,0.345656067570061,0.266,0.179,8.32535649661334e-51,"1","Nos1",0.087,"Inhibitory_cortex","Inhibitory"
2.19072131406564e-38,0.507904408834274,0.122,0.074,1.84020590381514e-36,"1","Man2b1",0.048,"Inhibitory_cortex","Inhibitory"
1.01737547747444e-37,-2.57699426864242,0.09,0.149,8.54595401078532e-36,"1","Enpp2",-0.059,"Inhibitory_cortex","Inhibitory"
3.27234260508916e-26,-0.504901635929493,0.577,0.584,2.74876778827489e-24,"1","Hmgcr",-0.00700000000000001,"Inhibitory_cortex","Inhibitory"
2.55636387376161e-25,-0.381086707668777,0.588,0.516,2.14734565395976e-23,"1","Aldoc",0.072,"Inhibitory_cortex","Inhibitory"
6.72896517998386e-25,0.402943147160726,0.157,0.111,5.65233075118644e-23,"1","Fdft1",0.046,"Inhibitory_cortex","Inhibitory"
9.5443635712018e-24,-0.336860911904054,0.775,0.713,8.01726539980951e-22,"1","Hk1",0.0620000000000001,"Inhibitory_cortex","Inhibitory"
9.22020955671261e-23,0.255101540145354,0.56,0.458,7.74497602763859e-21,"1","Gda",0.102,"Inhibitory_cortex","Inhibitory"
3.96736456766735e-18,0.310657712497049,0.183,0.141,3.33258623684057e-16,"1","Ust",0.042,"Inhibitory_cortex","Inhibitory"
6.13206305455375e-17,0.435944746711744,0.15,0.113,5.15093296582515e-15,"1","Prps2",0.037,"Inhibitory_cortex","Inhibitory"
8.23054844242639e-05,-0.932627557606139,0.338,0.347,0.00691366069163817,"1","Prdx6",-0.00899999999999995,"Inhibitory_cortex","Inhibitory"
0,5.46780410906664,0.993,0.093,0,"2","Plp1",0.9,"Oligodendrocytes","Oligodendrocytes"
0,0.880874991782902,0.486,0.095,0,"2","Enpp2",0.391,"Oligodendrocytes","Oligodendrocytes"
0,-1.68702480841698,0.25,0.574,0,"2","Dhcr24",-0.324,"Oligodendrocytes","Oligodendrocytes"
0,-1.72613456774938,0.412,0.734,0,"2","Gphn",-0.322,"Oligodendrocytes","Oligodendrocytes"
0,-2.17739935240111,0.562,0.875,0,"2","Ogt",-0.313,"Oligodendrocytes","Oligodendrocytes"
0,-2.28720576558351,0.188,0.558,0,"2","Pcp4",-0.37,"Oligodendrocytes","Oligodendrocytes"
0,-2.30402187590373,0.21,0.628,0,"2","Hmgcr",-0.418,"Oligodendrocytes","Oligodendrocytes"
0,-2.46329166980166,0.867,0.998,0,"2","Psap",-0.131,"Oligodendrocytes","Oligodendrocytes"
0,-2.6580470583295,0.458,0.856,0,"2","Tubb3",-0.398,"Oligodendrocytes","Oligodendrocytes"
0,-2.93358941168394,0.479,0.949,0,"2","Map2",-0.47,"Oligodendrocytes","Oligodendrocytes"
0,-3.31298995455316,0.058,0.383,0,"2","Aldh2",-0.325,"Oligodendrocytes","Oligodendrocytes"
0,-3.48680330002279,0.171,0.792,0,"2","Hk1",-0.621,"Oligodendrocytes","Oligodendrocytes"
0,-3.68252611318966,0.114,0.526,0,"2","Slc17a7",-0.412,"Oligodendrocytes","Oligodendrocytes"
0,-3.81159533538986,0.153,0.81,0,"2","Syn1",-0.657,"Oligodendrocytes","Oligodendrocytes"
0,-4.09065503851985,0.03,0.414,0,"2","Pde1a",-0.384,"Oligodendrocytes","Oligodendrocytes"
0,-4.24101102572197,0.104,0.834,0,"2","Ntrk2",-0.73,"Oligodendrocytes","Oligodendrocytes"
0,-4.41470165567939,0.047,0.529,0,"2","Gda",-0.482,"Oligodendrocytes","Oligodendrocytes"
0,-4.55505571639057,0.073,0.725,0,"2","Rbfox3",-0.652,"Oligodendrocytes","Oligodendrocytes"
3.85677196981486e-294,-2.75385187510712,0.097,0.4,3.23968845464448e-292,"2","B3gat1",-0.303,"Oligodendrocytes","Oligodendrocytes"
3.07455756669448e-276,-2.52590660589559,0.272,0.561,2.58262835602337e-274,"2","Aldoc",-0.289,"Oligodendrocytes","Oligodendrocytes"
1.17511841059696e-270,-2.73021824109978,0.086,0.386,9.87099464901442e-269,"2","Nefh",-0.3,"Oligodendrocytes","Oligodendrocytes"
4.05911312084548e-268,-4.53122408546091,0.018,0.285,3.4096550215102e-266,"2","Bdnf",-0.267,"Oligodendrocytes","Oligodendrocytes"
1.13358960298719e-259,-4.53722768441099,0.037,0.302,9.52215266509243e-258,"2","Gad1",-0.265,"Oligodendrocytes","Oligodendrocytes"
1.38803628531475e-257,-3.86435033383124,0.021,0.283,1.16595047966439e-255,"2","Inpp4b",-0.262,"Oligodendrocytes","Oligodendrocytes"
2.82887725759485e-250,-3.73561055520069,0.027,0.286,2.37625689637968e-248,"2","Gpx3",-0.259,"Oligodendrocytes","Oligodendrocytes"
1.12882031579641e-234,-3.59029926341808,0.031,0.279,9.48209065268987e-233,"2","Pde7b",-0.248,"Oligodendrocytes","Oligodendrocytes"
3.70016003580717e-209,-4.4845993924339,0.03,0.253,3.10813443007802e-207,"2","Gad2",-0.223,"Oligodendrocytes","Oligodendrocytes"
2.14249329625937e-188,-4.02656384885416,0.015,0.217,1.79969436885787e-186,"2","Nos1",-0.202,"Oligodendrocytes","Oligodendrocytes"
1.43165337245147e-175,-2.33908510261187,0.138,0.37,1.20258883285923e-173,"2","Prdx6",-0.232,"Oligodendrocytes","Oligodendrocytes"
6.87158011292683e-155,-3.85000374036229,0.024,0.201,5.77212729485854e-153,"2","Slc17a6",-0.177,"Oligodendrocytes","Oligodendrocytes"
1.7954750824433e-115,-3.97844233190601,0.007,0.137,1.50819906925237e-113,"2","Npy2r",-0.13,"Oligodendrocytes","Oligodendrocytes"
4.82280442833578e-112,-3.36170322514616,0.002,0.126,4.05115571980206e-110,"2","Galntl6",-0.124,"Oligodendrocytes","Oligodendrocytes"
2.15301217090176e-107,-2.30407554029956,0.032,0.172,1.80853022355748e-105,"2","Soat1",-0.14,"Oligodendrocytes","Oligodendrocytes"
3.92702790799094e-95,-2.06624993803788,0.021,0.143,3.29870344271239e-93,"2","B3galt1",-0.122,"Oligodendrocytes","Oligodendrocytes"
1.21714138570181e-87,-3.32709225187375,0.022,0.134,1.02239876398952e-85,"2","Aldh1l1",-0.112,"Oligodendrocytes","Oligodendrocytes"
9.87741895795026e-56,-2.1331051599787,0.423,0.462,8.29703192467822e-54,"2","Slc6a1",-0.039,"Oligodendrocytes","Oligodendrocytes"
1.18687143270551e-49,-0.469236543456084,0.065,0.159,9.96972003472631e-48,"2","Ust",-0.094,"Oligodendrocytes","Oligodendrocytes"
9.73015304082972e-27,-0.588635664070549,0.064,0.126,8.17332855429697e-25,"2","Fdft1",-0.062,"Oligodendrocytes","Oligodendrocytes"
1.26233200148542e-24,-0.383246101712253,0.066,0.127,1.06035888124775e-22,"2","Prps2",-0.061,"Oligodendrocytes","Oligodendrocytes"
0,5.27269378953218,0.459,0.025,0,"3","Adcyap1",0.434,"Excitatory_VGLUT2","Excitatory"
0,4.23716352027764,0.94,0.111,0,"3","Slc17a6",0.829,"Excitatory_VGLUT2","Excitatory"
0,3.14205850285387,0.516,0.166,0,"3","Nos1",0.35,"Excitatory_VGLUT2","Excitatory"
0,2.73612134277807,0.778,0.209,0,"3","Gpx3",0.569,"Excitatory_VGLUT2","Excitatory"
0,2.55249332930791,0.202,0.032,0,"3","Sncg",0.17,"Excitatory_VGLUT2","Excitatory"
0,1.63782792291689,0.35,0.098,0,"3","Fdft1",0.252,"Excitatory_VGLUT2","Excitatory"
0,1.18492641016583,0.835,0.511,0,"3","Dhcr24",0.324,"Excitatory_VGLUT2","Excitatory"
0,0.866410696196469,0.704,0.336,0,"3","B3gat1",0.368,"Excitatory_VGLUT2","Excitatory"
0,0.833611655071703,0.999,0.796,0,"3","Tubb3",0.203,"Excitatory_VGLUT2","Excitatory"
0,-2.83556800381636,0.173,0.511,0,"3","Slc17a7",-0.338,"Excitatory_VGLUT2","Excitatory"
3.52163603567008e-290,0.993836857207278,0.543,0.228,2.95817426996287e-288,"3","Inpp4b",0.315,"Excitatory_VGLUT2","Excitatory"
2.83423380487463e-279,0.64476363552029,0.655,0.319,2.38075639609469e-277,"3","Aldh2",0.336,"Excitatory_VGLUT2","Excitatory"
2.21300278215617e-263,1.66208211165522,0.192,0.041,1.85892233701118e-261,"3","Cyp51",0.151,"Excitatory_VGLUT2","Excitatory"
8.96014262950068e-237,0.77315131437474,0.849,0.558,7.52651980878057e-235,"3","Hmgcr",0.291,"Excitatory_VGLUT2","Excitatory"
7.16966828516703e-214,0.788651509701586,0.509,0.233,6.02252135954031e-212,"3","Bdnf",0.276,"Excitatory_VGLUT2","Excitatory"
1.08271222101557e-211,0.527547468059982,0.972,0.717,9.09478265653079e-210,"3","Syn1",0.255,"Excitatory_VGLUT2","Excitatory"
3.1880465569849e-196,1.26982578111585,0.282,0.097,2.67795910786732e-194,"3","Galntl6",0.185,"Excitatory_VGLUT2","Excitatory"
5.90633523177501e-176,0.475063669292293,0.977,0.828,4.96132159469101e-174,"3","Ogt",0.149,"Excitatory_VGLUT2","Excitatory"
3.39889854353082e-170,0.524904172234038,0.904,0.68,2.85507477656589e-168,"3","Gphn",0.224,"Excitatory_VGLUT2","Excitatory"
3.61579307951584e-133,0.26595810224206,1,0.982,3.03726618679331e-131,"3","Psap",0.018,"Excitatory_VGLUT2","Excitatory"
1.92154779966221e-124,1.94466019906685,0.159,0.052,1.61410015171626e-122,"3","Neurod1",0.107,"Excitatory_VGLUT2","Excitatory"
7.30249242990466e-107,0.353668388370985,0.947,0.704,6.13409364111991e-105,"3","Hk1",0.243,"Excitatory_VGLUT2","Excitatory"
3.29112354623733e-99,0.886581588401685,0.144,0.048,2.76454377883935e-97,"3","Gusb",0.096,"Excitatory_VGLUT2","Excitatory"
5.05568446637736e-84,1.6687970014424,0.156,0.061,4.24677495175698e-82,"3","Pdyn",0.095,"Excitatory_VGLUT2","Excitatory"
1.81025243205743e-76,0.94799119288388,0.131,0.048,1.52061204292824e-74,"3","Ndst4",0.083,"Excitatory_VGLUT2","Excitatory"
3.41262251971965e-68,0.649950842249349,0.227,0.113,2.8666029165645e-66,"3","Npy2r",0.114,"Excitatory_VGLUT2","Excitatory"
8.89385950246594e-66,0.767874103563905,0.22,0.111,7.47084198207139e-64,"3","Prps2",0.109,"Excitatory_VGLUT2","Excitatory"
3.10538718947623e-61,0.25330543029885,0.999,0.889,2.60852523916004e-59,"3","Map2",0.11,"Excitatory_VGLUT2","Excitatory"
6.90605239284753e-59,-0.50611671847426,0.672,0.438,5.80108400999192e-57,"3","Slc6a1",0.234,"Excitatory_VGLUT2","Excitatory"
4.78736967658587e-54,0.622235268434489,0.225,0.121,4.02139052833213e-52,"3","B3galt1",0.104,"Excitatory_VGLUT2","Excitatory"
2.84966699679379e-52,-2.15060231546202,0.169,0.283,2.39372027730678e-50,"3","Gad1",-0.114,"Excitatory_VGLUT2","Excitatory"
1.46782611653658e-48,0.533853657555661,0.155,0.076,1.23297393789072e-46,"3","Man2b1",0.079,"Excitatory_VGLUT2","Excitatory"
1.53140082996389e-45,-0.526603473208988,0.502,0.33,1.28637669716967e-43,"3","Prdx6",0.172,"Excitatory_VGLUT2","Excitatory"
6.96332075213669e-35,-3.46106328442341,0.12,0.197,5.84918943179482e-33,"3","Plp1",-0.077,"Excitatory_VGLUT2","Excitatory"
5.38374678745502e-32,-1.8083617304149,0.159,0.235,4.52234730146222e-30,"3","Gad2",-0.076,"Excitatory_VGLUT2","Excitatory"
2.41046930805538e-22,-0.515383628972506,0.69,0.501,2.02479421876652e-20,"3","Pcp4",0.189,"Excitatory_VGLUT2","Excitatory"
7.5059374891231e-21,-2.9678142987546,0.118,0.068,6.3049874908634e-19,"3","Hexb",0.05,"Excitatory_VGLUT2","Excitatory"
2.48935203319128e-18,-2.46086277949037,0.077,0.126,2.09105570788068e-16,"3","Aldh1l1",-0.049,"Excitatory_VGLUT2","Excitatory"
4.46111101598031e-16,-2.92082501354581,0.094,0.142,3.74733325342346e-14,"3","Enpp2",-0.048,"Excitatory_VGLUT2","Excitatory"
9.29325776388258e-10,-0.255828747199518,0.872,0.634,7.80633652166136e-08,"3","Rbfox3",0.238,"Excitatory_VGLUT2","Excitatory"
1.61165027194581e-09,-0.508131137559212,0.319,0.246,1.35378622843448e-07,"3","Pde7b",0.073,"Excitatory_VGLUT2","Excitatory"
0,6.09391391208587,0.701,0.028,0,"4","Acsbg1",0.673,"Astrocytes","Astrocytes"
0,5.90328104913074,0.3,0.005,0,"4","Etnppl",0.295,"Astrocytes","Astrocytes"
0,5.44586590751657,0.417,0.009,0,"4","Gja1",0.408,"Astrocytes","Astrocytes"
0,5.14861552108562,0.708,0.068,0,"4","Aldh1l1",0.64,"Astrocytes","Astrocytes"
0,4.35646424461735,0.469,0.041,0,"4","Gfap",0.428,"Astrocytes","Astrocytes"
0,3.67472570538504,0.189,0.021,0,"4","Hsd11b1",0.168,"Astrocytes","Astrocytes"
0,3.57854534056804,0.976,0.489,0,"4","Aldoc",0.487,"Astrocytes","Astrocytes"
0,3.13459556204768,0.766,0.306,0,"4","Prdx6",0.46,"Astrocytes","Astrocytes"
0,3.093392944019,0.149,0.009,0,"4","Egfr",0.14,"Astrocytes","Astrocytes"
0,2.76877419807091,0.938,0.413,0,"4","Slc6a1",0.525,"Astrocytes","Astrocytes"
0,2.6349112093174,0.371,0.137,0,"4","Soat1",0.234,"Astrocytes","Astrocytes"
0,2.48470729637983,0.129,0.013,0,"4","Mgst1",0.116,"Astrocytes","Astrocytes"
0,1.96775750682597,0.941,0.737,0,"4","Ntrk2",0.204,"Astrocytes","Astrocytes"
0,-1.70696941634437,0.385,0.756,0,"4","Hk1",-0.371,"Astrocytes","Astrocytes"
0,-2.67593376565209,0.26,0.783,0,"4","Syn1",-0.523,"Astrocytes","Astrocytes"
0,-2.74853887293084,0.255,0.865,0,"4","Tubb3",-0.61,"Astrocytes","Astrocytes"
0,-3.10359634795842,0.098,0.512,0,"4","Gda",-0.414,"Astrocytes","Astrocytes"
0,-3.14911914869647,0.138,0.553,0,"4","Pcp4",-0.415,"Astrocytes","Astrocytes"
0,-3.56585241244322,0.117,0.515,0,"4","Slc17a7",-0.398,"Astrocytes","Astrocytes"
0,-3.5746758592462,0.123,0.704,0,"4","Rbfox3",-0.581,"Astrocytes","Astrocytes"
3.89633796517243e-264,2.49273175628857,0.252,0.072,3.27292389074484e-262,"4","Plce1",0.18,"Astrocytes","Astrocytes"
1.77149620573218e-260,-3.02430779883687,0.076,0.4,1.48805681281503e-258,"4","Pde1a",-0.324,"Astrocytes","Astrocytes"
1.00281221088176e-255,-3.17766587998187,0.055,0.381,8.42362257140677e-254,"4","Nefh",-0.326,"Astrocytes","Astrocytes"
2.43590128047906e-184,-0.348058517458568,0.995,0.982,2.04615707560241e-182,"4","Psap",0.013,"Astrocytes","Astrocytes"
3.36576601488161e-180,-3.58831263719543,0.034,0.277,2.82724345250055e-178,"4","Bdnf",-0.243,"Astrocytes","Astrocytes"
5.41368318370215e-143,-3.20064940843542,0.077,0.291,4.5474938743098e-141,"4","Gad1",-0.214,"Astrocytes","Astrocytes"
5.67843852699158e-133,-0.896286438416632,0.15,0.388,4.76988836267293e-131,"4","B3gat1",-0.238,"Astrocytes","Astrocytes"
1.2567602835234e-131,-0.682493690115812,0.485,0.719,1.05567863815966e-129,"4","Gphn",-0.234,"Astrocytes","Astrocytes"
2.23200577425332e-124,-1.06173175085069,0.067,0.272,1.87488485037279e-122,"4","Inpp4b",-0.205,"Astrocytes","Astrocytes"
1.9273976709372e-119,-3.15869162185925,0.06,0.244,1.61901404358724e-117,"4","Gad2",-0.184,"Astrocytes","Astrocytes"
7.80060281472308e-82,-2.40111349144808,0.052,0.194,6.55250636436739e-80,"4","Slc17a6",-0.142,"Astrocytes","Astrocytes"
5.46813759617878e-78,-1.97088685144598,0.063,0.208,4.59323558079018e-76,"4","Nos1",-0.145,"Astrocytes","Astrocytes"
8.64472663048486e-78,1.09323940176358,0.451,0.338,7.26157036960728e-76,"4","Aldh2",0.113,"Astrocytes","Astrocytes"
7.51465080528855e-77,-3.00453051303818,0.009,0.122,6.31230667644239e-75,"4","Galntl6",-0.113,"Astrocytes","Astrocytes"
5.44994138065879e-73,-1.61157860378632,0.112,0.265,4.57795075975338e-71,"4","Pde7b",-0.153,"Astrocytes","Astrocytes"
1.30373382214816e-60,1.57090255410371,0.132,0.058,1.09513641060445e-58,"4","Acaa2",0.074,"Astrocytes","Astrocytes"
3.81936301609255e-60,-2.60171256110466,0.028,0.132,3.20826493351774e-58,"4","Npy2r",-0.104,"Astrocytes","Astrocytes"
4.93560287472322e-56,-0.250068233262729,0.886,0.9,4.1459064147675e-54,"4","Map2",-0.014,"Astrocytes","Astrocytes"
6.20084396994756e-52,-1.21918958079027,0.052,0.158,5.20870893475595e-50,"4","Ust",-0.106,"Astrocytes","Astrocytes"
1.33129486086123e-48,-1.36514771229688,0.143,0.268,1.11828768312344e-46,"4","Gpx3",-0.125,"Astrocytes","Astrocytes"
1.61647050397875e-38,-0.977388637702012,0.043,0.127,1.35783522334215e-36,"4","Prps2",-0.084,"Astrocytes","Astrocytes"
3.56833683036954e-28,-1.78542267339282,0.124,0.197,2.99740293751041e-26,"4","Plp1",-0.073,"Astrocytes","Astrocytes"
1.48039674993283e-26,-1.72806744180639,0.07,0.144,1.24353326994358e-24,"4","Enpp2",-0.074,"Astrocytes","Astrocytes"
3.79652420552547e-10,1.13909582933222,0.147,0.117,3.18908033264139e-08,"4","Fdft1",0.03,"Astrocytes","Astrocytes"
0,3.46042744340332,0.944,0.478,0,"5","Pcp4",0.466,"Thalamic Neurons","Thalamic Neurons"
0,2.79210469537486,0.763,0.316,0,"5","Nefh",0.447,"Thalamic Neurons","Thalamic Neurons"
0,1.65865420399706,0.612,0.222,0,"5","Inpp4b",0.39,"Thalamic Neurons","Thalamic Neurons"
0,1.38315914473727,0.573,0.145,0,"5","Slc17a6",0.428,"Thalamic Neurons","Thalamic Neurons"
0,1.19994472479614,0.995,0.797,0,"5","Tubb3",0.198,"Thalamic Neurons","Thalamic Neurons"
0,-0.941220790652197,0.908,0.898,0,"5","Map2",0.01,"Thalamic Neurons","Thalamic Neurons"
0,-3.21861006727674,0.123,0.489,0,"5","Slc6a1",-0.366,"Thalamic Neurons","Thalamic Neurons"
0,-3.82058929740901,0.032,0.404,0,"5","Pde1a",-0.372,"Thalamic Neurons","Thalamic Neurons"
0,-5.40314253942226,0.013,0.52,0,"5","Gda",-0.507,"Thalamic Neurons","Thalamic Neurons"
1.6577844797779e-236,-5.87115194797765,0.01,0.297,1.39253896301343e-234,"5","Gad1",-0.287,"Thalamic Neurons","Thalamic Neurons"
7.14061510421418e-225,-1.75727526786629,0.562,0.663,5.99811668753991e-223,"5","Rbfox3",-0.101,"Thalamic Neurons","Thalamic Neurons"
7.36250124619818e-193,0.526939512977824,0.485,0.231,6.18450104680647e-191,"5","Pde7b",0.254,"Thalamic Neurons","Thalamic Neurons"
2.09771697086268e-187,-5.31199949773274,0.009,0.249,1.76208225552465e-185,"5","Gad2",-0.24,"Thalamic Neurons","Thalamic Neurons"
1.66143717840201e-167,-2.24211461544735,0.117,0.369,1.39560722985769e-165,"5","Aldh2",-0.252,"Thalamic Neurons","Thalamic Neurons"
1.63576087297729e-151,-3.7573109830268,0.009,0.213,1.37403913330092e-149,"5","Nos1",-0.204,"Thalamic Neurons","Thalamic Neurons"
8.81148764784448e-139,-1.03424012528486,0.679,0.762,7.40164962418937e-137,"5","Ntrk2",-0.083,"Thalamic Neurons","Thalamic Neurons"
2.21856341589104e-115,-2.35106208266013,0.086,0.274,1.86359326934847e-113,"5","Gpx3",-0.188,"Thalamic Neurons","Thalamic Neurons"
5.40669517315541e-92,-4.65623268881439,0.013,0.149,4.54162394545054e-90,"5","Enpp2",-0.136,"Thalamic Neurons","Thalamic Neurons"
1.40709587777348e-90,-3.7946644682057,0.005,0.134,1.18196053732972e-88,"5","Npy2r",-0.129,"Thalamic Neurons","Thalamic Neurons"
3.11080766511487e-76,-2.21163464945227,0.033,0.16,2.61307843869649e-74,"5","Ust",-0.127,"Thalamic Neurons","Thalamic Neurons"
7.98852480331483e-70,-3.64368902095458,0.02,0.131,6.71036083478445e-68,"5","Aldh1l1",-0.111,"Thalamic Neurons","Thalamic Neurons"
4.13201357224675e-66,-0.630173623577813,0.404,0.551,3.47089140068727e-64,"5","Dhcr24",-0.147,"Thalamic Neurons","Thalamic Neurons"
3.80653394935804e-62,-1.7385529104692,0.023,0.128,3.19748851746075e-60,"5","Fdft1",-0.105,"Thalamic Neurons","Thalamic Neurons"
3.92643419085584e-62,-2.25790501442682,0.02,0.121,3.2982047203189e-60,"5","Galntl6",-0.101,"Thalamic Neurons","Thalamic Neurons"
1.54267343539451e-55,-1.50744712529996,0.113,0.044,1.29584568573139e-53,"5","Pvalb",0.069,"Thalamic Neurons","Thalamic Neurons"
4.08941266872956e-49,-1.79581752309301,0.243,0.354,3.43510664173283e-47,"5","Prdx6",-0.111,"Thalamic Neurons","Thalamic Neurons"
4.68957014250264e-48,-1.39798977027236,0.283,0.375,3.93923891970222e-46,"5","B3gat1",-0.092,"Thalamic Neurons","Thalamic Neurons"
2.54415871698077e-42,-0.435118135536819,0.732,0.724,2.13709332226385e-40,"5","Hk1",0.00800000000000001,"Thalamic Neurons","Thalamic Neurons"
1.2348651807027e-41,-0.502593350045981,0.498,0.59,1.03728675179027e-39,"5","Hmgcr",-0.092,"Thalamic Neurons","Thalamic Neurons"
3.73543763745559e-39,-2.01090310112067,0.176,0.264,3.1377676154627e-37,"5","Bdnf",-0.088,"Thalamic Neurons","Thalamic Neurons"
5.83377719504858e-37,-1.37304840704226,0.055,0.137,4.90037284384081e-35,"5","B3galt1",-0.082,"Thalamic Neurons","Thalamic Neurons"
3.99236231203568e-33,-1.58366241575146,0.492,0.533,3.35358434210997e-31,"5","Aldoc",-0.041,"Thalamic Neurons","Thalamic Neurons"
1.90667356617497e-31,0.315135729701201,0.844,0.84,1.60160579558698e-29,"5","Ogt",0.004,"Thalamic Neurons","Thalamic Neurons"
2.99058999775359e-27,-1.07397609728641,0.059,0.126,2.51209559811302e-25,"5","Prps2",-0.067,"Thalamic Neurons","Thalamic Neurons"
8.5867989012025e-27,-0.347753407830217,0.671,0.702,7.2129110770101e-25,"5","Gphn",-0.0309999999999999,"Thalamic Neurons","Thalamic Neurons"
3.68038056701516e-22,-0.416816435582842,0.859,0.728,3.09151967629273e-20,"5","Syn1",0.131,"Thalamic Neurons","Thalamic Neurons"
7.86676698820858e-15,-1.06425065159299,0.111,0.161,6.60808427009521e-13,"5","Soat1",-0.05,"Thalamic Neurons","Thalamic Neurons"
1.43590164094539e-10,-1.88134134758157,0.162,0.193,1.20615737839413e-08,"5","Plp1",-0.031,"Thalamic Neurons","Thalamic Neurons"
0.000633156697979534,-1.75118155850023,0.702,0.461,0.0531851626302809,"5","Slc17a7",0.241,"Thalamic Neurons","Thalamic Neurons"
0,3.19380071676509,0.742,0.085,0,"6","Npy2r",0.657,"Excitatory_HPF","Excitatory"
0,3.00633072698539,0.63,0.12,0,"6","Ust",0.51,"Excitatory_HPF","Excitatory"
0,2.86153529397545,0.911,0.217,0,"6","Bdnf",0.694,"Excitatory_HPF","Excitatory"
0,1.4570280460105,0.995,0.451,0,"6","Slc17a7",0.544,"Excitatory_HPF","Excitatory"
0,1.34320397341179,0.99,0.634,0,"6","Rbfox3",0.356,"Excitatory_HPF","Excitatory"
0,1.1706399129797,0.974,0.71,0,"6","Hk1",0.264,"Excitatory_HPF","Excitatory"
0,0.972770434874549,0.931,0.685,0,"6","Gphn",0.246,"Excitatory_HPF","Excitatory"
0,0.737430887799792,0.535,0.175,0,"6","Nos1",0.36,"Excitatory_HPF","Excitatory"
1.84657628552139e-210,0.750014448217499,0.865,0.453,1.55112407983796e-208,"6","Gda",0.412,"Excitatory_HPF","Excitatory"
5.07570865737908e-190,2.18994204243719,0.181,0.039,4.26359527219843e-188,"6","Lpl",0.142,"Excitatory_HPF","Excitatory"
8.41042690617463e-143,0.323651688874209,1,0.982,7.06475860118669e-141,"6","Psap",0.018,"Excitatory_HPF","Excitatory"
6.19231515674951e-135,2.07915620247674,0.186,0.053,5.20154473166959e-133,"6","Neurod1",0.133,"Excitatory_HPF","Excitatory"
2.26294661687131e-133,-2.82231073955643,0.296,0.544,1.9008751581719e-131,"6","Aldoc",-0.248,"Excitatory_HPF","Excitatory"
7.1830270651555e-126,0.441005352690723,1,0.892,6.03374273473062e-124,"6","Map2",0.108,"Excitatory_HPF","Excitatory"
1.04818702711613e-108,-4.68149437862434,0.026,0.241,8.80477102777547e-107,"6","Gad2",-0.215,"Excitatory_HPF","Excitatory"
7.5543583150129e-104,-2.84377345097326,0.269,0.469,6.34566098461083e-102,"6","Slc6a1",-0.2,"Excitatory_HPF","Excitatory"
3.10167354233038e-90,-4.35939543976042,0.011,0.192,2.60540577555752e-88,"6","Slc17a6",-0.181,"Excitatory_HPF","Excitatory"
1.22919466532496e-75,-4.60391158860105,0.035,0.2,1.03252351887297e-73,"6","Plp1",-0.165,"Excitatory_HPF","Excitatory"
2.19479825606205e-67,-5.2856896596307,0.007,0.146,1.84363053509212e-65,"6","Enpp2",-0.139,"Excitatory_HPF","Excitatory"
1.24096007041214e-56,-2.8829216391788,0.117,0.266,1.0424064591462e-54,"6","Gpx3",-0.149,"Excitatory_HPF","Excitatory"
3.87439639918068e-51,-3.98411248465597,0.015,0.128,3.25449297531177e-49,"6","Aldh1l1",-0.113,"Excitatory_HPF","Excitatory"
1.34732871382344e-46,-2.03899192023396,0.043,0.164,1.13175611961169e-44,"6","Soat1",-0.121,"Excitatory_HPF","Excitatory"
1.00149183683769e-45,-0.501119512190244,0.15,0.064,8.41253142943656e-44,"6","Pdyn",0.086,"Excitatory_HPF","Excitatory"
3.08838341934984e-42,-1.05117675427616,0.47,0.261,2.59424207225387e-40,"6","Gad1",0.209,"Excitatory_HPF","Excitatory"
5.38260914878144e-41,-1.90890441982983,0.031,0.136,4.52139168497641e-39,"6","B3galt1",-0.105,"Excitatory_HPF","Excitatory"
7.50870970373844e-40,-1.89217492835086,0.025,0.125,6.30731615114029e-38,"6","Fdft1",-0.1,"Excitatory_HPF","Excitatory"
2.60517629860708e-36,0.270301767300895,0.944,0.834,2.18834809082995e-34,"6","Ogt",0.11,"Excitatory_HPF","Excitatory"
1.00293121717793e-35,-0.844513010443985,0.46,0.543,8.4246222242946e-34,"6","Dhcr24",-0.083,"Excitatory_HPF","Excitatory"
3.95008931849634e-33,-0.528007709690138,0.906,0.808,3.31807502753692e-31,"6","Tubb3",0.098,"Excitatory_HPF","Excitatory"
5.76051823036577e-33,0.256893816727121,0.721,0.574,4.83883531350724e-31,"6","Hmgcr",0.147,"Excitatory_HPF","Excitatory"
1.71466492912977e-25,-1.25169895100442,0.29,0.372,1.440318540469e-23,"6","B3gat1",-0.082,"Excitatory_HPF","Excitatory"
4.07081227865486e-23,-0.67924336189267,0.635,0.51,3.41948231407008e-21,"6","Pcp4",0.125,"Excitatory_HPF","Excitatory"
1.10790224599701e-15,-1.76219530095119,0.293,0.357,9.30637886637488e-14,"6","Nefh",-0.064,"Excitatory_HPF","Excitatory"
4.95546183742557e-15,-1.31990052434035,0.273,0.349,4.16258794343748e-13,"6","Prdx6",-0.076,"Excitatory_HPF","Excitatory"
4.85248678802464e-14,-1.13923425406773,0.184,0.256,4.07608890194069e-12,"6","Pde7b",-0.072,"Excitatory_HPF","Excitatory"
4.66769776651752e-13,-1.0306178605283,0.286,0.351,3.92086612387471e-11,"6","Aldh2",-0.065,"Excitatory_HPF","Excitatory"
7.25077168822773e-05,-0.511454787285022,0.859,0.748,0.00609064821811129,"6","Ntrk2",0.111,"Excitatory_HPF","Excitatory"
0.000290081808991735,-0.337437047877263,0.343,0.375,0.0243668719553057,"6","Pde1a",-0.032,"Excitatory_HPF","Excitatory"
0.00410813607020072,-0.616308291693456,0.234,0.256,0.345083429896861,"6","Inpp4b",-0.022,"Excitatory_HPF","Excitatory"
0,8.44447433064574,0.83,0.045,0,"7","Hexb",0.785,"Microglia","Microglia"
0,7.9804244037553,0.713,0.015,0,"7","Laptm5",0.698,"Microglia","Microglia"
0,7.53086626672136,0.473,0.001,0,"7","Itgam",0.472,"Microglia","Microglia"
0,5.30398981273979,0.308,0.001,0,"7","Ptprc",0.307,"Microglia","Microglia"
1.03775856667891e-79,-1.09277279620873,0.524,0.763,8.71717196010288e-78,"7","Ntrk2",-0.239,"Microglia","Microglia"
1.20860646344849e-68,2.47912082958588,0.215,0.078,1.01522942929673e-66,"7","Man2b1",0.137,"Microglia","Microglia"
7.93635763509742e-62,-1.97180161043093,0.234,0.466,6.66654041348183e-60,"7","Slc6a1",-0.232,"Microglia","Microglia"
1.44512857693097e-60,-0.751968108932726,0.62,0.82,1.21390800462202e-58,"7","Tubb3",-0.2,"Microglia","Microglia"
5.11758037510299e-59,-0.795552096822496,0.47,0.708,4.29876751508651e-57,"7","Gphn",-0.238,"Microglia","Microglia"
2.39829533824148e-50,-0.511020463392327,0.755,0.904,2.01456808412285e-48,"7","Map2",-0.149,"Microglia","Microglia"
1.43131655172786e-48,1.64288438002349,0.155,0.055,1.2023059034514e-46,"7","Man1a",0.1,"Microglia","Microglia"
2.99153404766361e-42,2.42554092893714,0.143,0.053,2.51288860003743e-40,"7","Gusb",0.09,"Microglia","Microglia"
6.37973783239432e-42,-2.11736350250191,0.104,0.279,5.35897977921123e-40,"7","Gad1",-0.175,"Microglia","Microglia"
3.23405296668355e-32,-2.07370035533252,0.091,0.233,2.71660449201419e-30,"7","Gad2",-0.142,"Microglia","Microglia"
2.79734459425522e-28,-1.30183350130854,0.113,0.257,2.34976945917438e-26,"7","Pde7b",-0.144,"Microglia","Microglia"
4.01863410569665e-24,-1.79179035538783,0.234,0.358,3.37565264878519e-22,"7","Nefh",-0.124,"Microglia","Microglia"
4.91880626759729e-24,-0.513103688417627,0.415,0.588,4.13179726478172e-22,"7","Hmgcr",-0.173,"Microglia","Microglia"
1.93703522791386e-23,-2.37559326834515,0.077,0.185,1.62710959144764e-21,"7","Slc17a6",-0.108,"Microglia","Microglia"
3.75939063903439e-23,-0.426524467498388,0.562,0.73,3.15788813678888e-21,"7","Hk1",-0.168,"Microglia","Microglia"
4.68974325364497e-23,-1.3146951633333,0.397,0.522,3.93938433306177e-21,"7","Pcp4",-0.125,"Microglia","Microglia"
5.29660453014292e-23,-0.510655742928339,0.515,0.66,4.44914780532005e-21,"7","Rbfox3",-0.145,"Microglia","Microglia"
2.65928201708022e-21,-0.327216829213334,0.717,0.845,2.23379689434739e-19,"7","Ogt",-0.128,"Microglia","Microglia"
1.2566466329552e-20,-1.25903233646282,0.425,0.534,1.05558317168237e-18,"7","Aldoc",-0.109,"Microglia","Microglia"
2.76559498778741e-20,-0.58354122533794,0.406,0.543,2.32309978974143e-18,"7","Dhcr24",-0.137,"Microglia","Microglia"
3.4849696810647e-16,-1.77394869534024,0.169,0.261,2.92737453209435e-14,"7","Gpx3",-0.092,"Microglia","Microglia"
7.93708082786256e-16,-0.783145255485237,0.245,0.351,6.66714789540455e-14,"7","Aldh2",-0.106,"Microglia","Microglia"
2.12616038650467e-15,-1.26577659301011,0.251,0.348,1.78597472466392e-13,"7","Prdx6",-0.097,"Microglia","Microglia"
4.69070198419446e-15,-3.22279532344708,0.063,0.14,3.94018966672335e-13,"7","Enpp2",-0.077,"Microglia","Microglia"
1.91245570431917e-14,-2.12997010041196,0.051,0.124,1.6064627916281e-12,"7","Aldh1l1",-0.073,"Microglia","Microglia"
2.06095412216017e-14,-0.780083177176201,0.272,0.371,1.73120146261454e-12,"7","B3gat1",-0.099,"Microglia","Microglia"
1.02202453033142e-13,-1.46803814848949,0.116,0.198,8.58500605478389e-12,"7","Nos1",-0.082,"Microglia","Microglia"
2.66248727572429e-09,-1.53962744112908,0.062,0.115,2.23648931160841e-07,"7","Galntl6",-0.053,"Microglia","Microglia"
5.75915241083704e-09,-1.06608740869226,0.092,0.151,4.83768802510311e-07,"7","Ust",-0.059,"Microglia","Microglia"
2.91019864408378e-08,-1.08822420061117,0.135,0.193,2.44456686103038e-06,"7","Plp1",-0.058,"Microglia","Microglia"
9.92571295913487e-08,0.632506795468968,0.305,0.253,8.33759888567329e-06,"7","Inpp4b",0.052,"Microglia","Microglia"
1.93559507931355e-07,-0.985614648567723,0.074,0.121,1.62589986662338e-05,"7","Fdft1",-0.047,"Microglia","Microglia"
1.01730943225699e-05,-0.687676842433302,0.206,0.258,0.00085453992309587,"7","Bdnf",-0.052,"Microglia","Microglia"
0.000153412735313628,-1.52133849543052,0.092,0.124,0.0128866697663448,"7","Npy2r",-0.032,"Microglia","Microglia"
0.00834154183388748,-0.54200663498507,0.107,0.131,0.700689514046548,"7","B3galt1",-0.024,"Microglia","Microglia"
0,7.93395278147406,0.989,0.02,0,"8","Pvalb",0.969,"Inhibitory_interneurons","Inhibitory"
0,4.15784594396244,0.992,0.251,0,"8","Gad1",0.741,"Inhibitory_interneurons","Inhibitory"
0,2.93442866826712,0.859,0.338,0,"8","Nefh",0.521,"Inhibitory_interneurons","Inhibitory"
0,1.86698219856691,0.866,0.209,0,"8","Gad2",0.657,"Inhibitory_interneurons","Inhibitory"
1.4426058441386e-294,2.45581256849994,0.458,0.102,1.21178890907642e-292,"8","Galntl6",0.356,"Inhibitory_interneurons","Inhibitory"
1.3263892043473e-159,1.99954232532941,0.717,0.45,1.11416693165173e-157,"8","Slc6a1",0.267,"Inhibitory_interneurons","Inhibitory"
1.12860111320631e-157,-4.7355367376491,0.103,0.53,9.48024935093302e-156,"8","Pcp4",-0.427,"Inhibitory_interneurons","Inhibitory"
5.48872098947682e-153,-4.34898010498499,0.07,0.489,4.61052563116053e-151,"8","Gda",-0.419,"Inhibitory_interneurons","Inhibitory"
1.11694397889321e-135,-4.43447735308521,0.123,0.493,9.38232942270298e-134,"8","Slc17a7",-0.37,"Inhibitory_interneurons","Inhibitory"
3.78417517134345e-122,2.74106462672602,0.154,0.027,3.1787071439285e-120,"8","Trh",0.127,"Inhibitory_interneurons","Inhibitory"
4.04507070297998e-111,-2.15029553211276,0.482,0.66,3.39785939050318e-109,"8","Rbfox3",-0.178,"Inhibitory_interneurons","Inhibitory"
2.98824169300796e-103,-3.84137764832591,0.052,0.383,2.51012302212668e-101,"8","Pde1a",-0.331,"Inhibitory_interneurons","Inhibitory"
6.26591318004082e-99,-1.97287683004259,0.316,0.591,5.26336707123429e-97,"8","Hmgcr",-0.275,"Inhibitory_interneurons","Inhibitory"
3.85982941011395e-86,-1.80051933316511,0.269,0.547,3.24225670449572e-84,"8","Dhcr24",-0.278,"Inhibitory_interneurons","Inhibitory"
2.21321536275384e-72,-5.09705118502502,0.015,0.264,1.85910090471323e-70,"8","Bdnf",-0.249,"Inhibitory_interneurons","Inhibitory"
2.81107722872223e-71,-1.13161151576774,0.705,0.74,2.36130487212667e-69,"8","Syn1",-0.035,"Inhibitory_interneurons","Inhibitory"
2.99176118742428e-54,-3.55318620122071,0.05,0.258,2.51307939743639e-52,"8","Pde7b",-0.208,"Inhibitory_interneurons","Inhibitory"
3.1770926962401e-51,-5.16454381292579,0.003,0.187,2.66875786484169e-49,"8","Slc17a6",-0.184,"Inhibitory_interneurons","Inhibitory"
3.59792521774855e-48,-2.34867167386156,0.151,0.354,3.02225718290878e-46,"8","Aldh2",-0.203,"Inhibitory_interneurons","Inhibitory"
1.83684817347587e-44,-2.48846092154496,0.155,0.351,1.54295246571973e-42,"8","Prdx6",-0.196,"Inhibitory_interneurons","Inhibitory"
3.25057183675688e-39,-0.796080085151824,0.696,0.726,2.73048034287578e-37,"8","Hk1",-0.03,"Inhibitory_interneurons","Inhibitory"
3.98215483400059e-37,-3.36034987018884,0.099,0.263,3.3450100605605e-35,"8","Gpx3",-0.164,"Inhibitory_interneurons","Inhibitory"
9.74390291306048e-37,-0.395358093792076,0.953,0.897,8.1848784469708e-35,"8","Map2",0.0559999999999999,"Inhibitory_interneurons","Inhibitory"
6.65459219512381e-32,-1.42154361280613,0.21,0.372,5.589857443904e-30,"8","B3gat1",-0.162,"Inhibitory_interneurons","Inhibitory"
1.91799100548134e-31,-4.37875877494983,0.015,0.142,1.61111244460432e-29,"8","Enpp2",-0.127,"Inhibitory_interneurons","Inhibitory"
3.839251944634e-31,-2.17914137989236,0.054,0.2,3.22497163349256e-29,"8","Nos1",-0.146,"Inhibitory_interneurons","Inhibitory"
5.01556529525479e-27,-3.80701686267237,0.015,0.125,4.21307484801402e-25,"8","Aldh1l1",-0.11,"Inhibitory_interneurons","Inhibitory"
2.24590485122171e-23,-0.449754786123594,0.801,0.842,1.88656007502624e-21,"8","Ogt",-0.0409999999999999,"Inhibitory_interneurons","Inhibitory"
2.33387426985482e-23,-2.25688948739386,0.042,0.152,1.96045438667805e-21,"8","Ust",-0.11,"Inhibitory_interneurons","Inhibitory"
9.53658729261118e-23,-0.74547952097891,0.116,0.047,8.01073332579339e-21,"8","Sst",0.069,"Inhibitory_interneurons","Inhibitory"
1.5970542505966e-22,-1.89402544693464,0.022,0.122,1.34152557050114e-20,"8","Fdft1",-0.1,"Inhibitory_interneurons","Inhibitory"
8.82954073951436e-22,1.30194557265821,0.1,0.04,7.41681422119206e-20,"8","Hcn1",0.06,"Inhibitory_interneurons","Inhibitory"
6.64357563868668e-20,-2.48535848406879,0.032,0.126,5.58060353649681e-18,"8","Npy2r",-0.094,"Inhibitory_interneurons","Inhibitory"
4.82411754518362e-16,-0.485057879757294,0.665,0.701,4.05225873795424e-14,"8","Gphn",-0.0359999999999999,"Inhibitory_interneurons","Inhibitory"
4.4332328014204e-14,-1.36918088282141,0.052,0.132,3.72391555319314e-12,"8","B3galt1",-0.08,"Inhibitory_interneurons","Inhibitory"
1.8529072297744e-13,-1.4017112268865,0.047,0.122,1.5564420730105e-11,"8","Prps2",-0.075,"Inhibitory_interneurons","Inhibitory"
8.71432456666474e-13,-1.52919536076484,0.081,0.159,7.32003263599838e-11,"8","Soat1",-0.078,"Inhibitory_interneurons","Inhibitory"
1.7668011755645e-09,-0.564532026621619,0.736,0.755,1.48411298747418e-07,"8","Ntrk2",-0.019,"Inhibitory_interneurons","Inhibitory"
1.557579937879e-07,-1.55871149503049,0.139,0.192,1.30836714781836e-05,"8","Plp1",-0.053,"Inhibitory_interneurons","Inhibitory"
0.000154113328986811,-0.831925420086291,0.215,0.256,0.0129455196348922,"8","Inpp4b",-0.041,"Inhibitory_interneurons","Inhibitory"
0,9.94483093031932,0.625,0.004,0,"9","Acta2",0.621,"Astrocytes","Astrocytes"
0,8.07847686833297,0.512,0.001,0,"9","Dcn",0.511,"Astrocytes","Astrocytes"
0,6.36412791086005,0.368,0.002,0,"9","Mecom",0.366,"Astrocytes","Astrocytes"
0,3.74639172868908,0.904,0.335,0,"9","Aldh2",0.569,"Astrocytes","Astrocytes"
0,3.70034785577528,0.3,0.017,0,"9","Mgst1",0.283,"Astrocytes","Astrocytes"
0,3.54156798077691,0.402,0.039,0,"9","Sncg",0.363,"Astrocytes","Astrocytes"
0,3.41128622133208,0.597,0.065,0,"9","Gfap",0.532,"Astrocytes","Astrocytes"
0,1.25897015300751,0.329,0.032,0,"9","Laptm5",0.297,"Astrocytes","Astrocytes"
3.10861967816832e-304,3.62711566701804,0.377,0.057,2.61124052966139e-302,"9","Acaa2",0.32,"Astrocytes","Astrocytes"
1.78713918145243e-278,-3.60631363683729,0.148,0.829,1.50119691242004e-276,"9","Tubb3",-0.681,"Astrocytes","Astrocytes"
9.08128643615654e-233,-2.06959678283134,0.628,0.905,7.62828060637149e-231,"9","Map2",-0.277,"Astrocytes","Astrocytes"
1.33107984344966e-219,-3.25778807998755,0.155,0.752,1.11810706849771e-217,"9","Syn1",-0.597,"Astrocytes","Astrocytes"
4.83118617477456e-201,-4.33682176914992,0.065,0.668,4.05819638681063e-199,"9","Rbfox3",-0.603,"Astrocytes","Astrocytes"
3.46982622389641e-186,1.76156301710878,0.863,0.522,2.91465402807299e-184,"9","Aldoc",0.341,"Astrocytes","Astrocytes"
1.34319222213302e-124,-1.9409042380873,0.332,0.708,1.12828146659174e-122,"9","Gphn",-0.376,"Astrocytes","Astrocytes"
3.93933442821492e-123,1.11031051225213,0.328,0.079,3.30904091970053e-121,"9","Acsbg1",0.249,"Astrocytes","Astrocytes"
1.64504997634113e-115,-3.88486199745264,0.051,0.487,1.38184198012655e-113,"9","Gda",-0.436,"Astrocytes","Astrocytes"
3.00149904930435e-115,-4.18120714633057,0.064,0.491,2.52125920141566e-113,"9","Slc17a7",-0.427,"Astrocytes","Astrocytes"
1.07560451523642e-111,1.81328024291822,0.625,0.339,9.03507792798594e-110,"9","Prdx6",0.286,"Astrocytes","Astrocytes"
4.9728956186905e-108,-3.06666454732025,0.099,0.527,4.17723231970002e-106,"9","Pcp4",-0.428,"Astrocytes","Astrocytes"
3.44113433487118e-92,1.69157854664618,0.192,0.04,2.89055284129179e-90,"9","Gja1",0.152,"Astrocytes","Astrocytes"
2.89955083655511e-91,2.71787519635958,0.503,0.249,2.4356227027063e-89,"9","Inpp4b",0.254,"Astrocytes","Astrocytes"
2.8390882992461e-79,2.08374314336909,0.27,0.083,2.38483417136673e-77,"9","Plce1",0.187,"Astrocytes","Astrocytes"
1.08888267649588e-75,-1.74039620519691,0.259,0.59,9.14661448256535e-74,"9","Hmgcr",-0.331,"Astrocytes","Astrocytes"
1.73120702560646e-72,-1.21874813321607,0.515,0.73,1.45421390150943e-70,"9","Hk1",-0.215,"Astrocytes","Astrocytes"
2.00960851858746e-69,-3.65000627193092,0.043,0.36,1.68807115561347e-67,"9","Nefh",-0.317,"Astrocytes","Astrocytes"
2.6301025580398e-69,-3.14141402048342,0.061,0.374,2.20928614875343e-67,"9","B3gat1",-0.313,"Astrocytes","Astrocytes"
3.28230342497224e-67,1.92592521592142,0.109,0.019,2.75713487697668e-65,"9","Egfr",0.09,"Astrocytes","Astrocytes"
7.84027364173603e-67,0.965198812841251,0.325,0.117,6.58582985905826e-65,"9","Aldh1l1",0.208,"Astrocytes","Astrocytes"
1.27659292416254e-47,-3.5764112488873,0.029,0.262,1.07233805629653e-45,"9","Bdnf",-0.233,"Astrocytes","Astrocytes"
6.51318426194237e-46,-3.70145882106713,0.048,0.278,5.47107478003159e-44,"9","Gad1",-0.23,"Astrocytes","Astrocytes"
8.7351947838012e-41,-3.84686271280676,0.029,0.233,7.33756361839301e-39,"9","Gad2",-0.204,"Astrocytes","Astrocytes"
4.36160080947593e-39,1.19086574068259,0.28,0.135,3.66374467995978e-37,"9","Enpp2",0.145,"Astrocytes","Astrocytes"
2.51835302713925e-35,-1.02284954338598,0.324,0.543,2.11541654279697e-33,"9","Dhcr24",-0.219,"Astrocytes","Astrocytes"
3.78614770762591e-29,1.52760856759008,0.147,0.054,3.18036407440576e-27,"9","Gusb",0.093,"Astrocytes","Astrocytes"
1.20957301845496e-27,-3.13751642431363,0.033,0.185,1.01604133550216e-25,"9","Slc17a6",-0.152,"Astrocytes","Astrocytes"
1.21378339489913e-22,-3.24525112087725,0.059,0.194,1.01957805171527e-20,"9","Plp1",-0.135,"Astrocytes","Astrocytes"
1.33067435052722e-21,-3.35317523740493,0.005,0.115,1.11776645444287e-19,"9","Galntl6",-0.11,"Astrocytes","Astrocytes"
1.23383199833395e-20,-3.58093143936295,0.014,0.125,1.03641887860051e-18,"9","Npy2r",-0.111,"Astrocytes","Astrocytes"
1.37433258295341e-17,1.11425605318927,0.255,0.155,1.15443936968086e-15,"9","Soat1",0.1,"Astrocytes","Astrocytes"
5.41329215343097e-13,0.279483815956816,0.553,0.455,4.54716540888202e-11,"9","Slc6a1",0.098,"Astrocytes","Astrocytes"
1.93682448218318e-12,0.781690816810199,0.283,0.193,1.62693256503387e-10,"9","Nos1",0.09,"Astrocytes","Astrocytes"
2.88896163196608e-08,1.2407538718046,0.103,0.057,2.42672777085151e-06,"9","Man1a",0.046,"Astrocytes","Astrocytes"
2.79867641871484e-05,-1.25519424450693,0.198,0.259,0.00235088819172047,"9","Gpx3",-0.061,"Astrocytes","Astrocytes"
8.73389209866089e-05,-0.708110082131132,0.074,0.12,0.00733646936287515,"9","Fdft1",-0.046,"Astrocytes","Astrocytes"
0.000205238229783837,-0.548638928439173,0.085,0.131,0.0172400113018423,"9","B3galt1",-0.046,"Astrocytes","Astrocytes"
0,8.99906322326138,0.562,0.008,0,"10","Ak7",0.554,"Ependymal cells","Ependymal cells"
0,3.92650210716589,0.285,0.019,0,"10","Mgst1",0.266,"Ependymal cells","Ependymal cells"
0,3.40335109890664,0.228,0.005,0,"10","Hdc",0.223,"Ependymal cells","Ependymal cells"
4.4456760908105e-190,-3.5488477603683,0.103,0.824,3.73436791628082e-188,"10","Tubb3",-0.721,"Ependymal cells","Ependymal cells"
1.90633467280822e-180,6.82011786875606,0.517,0.132,1.60132112515891e-178,"10","Enpp2",0.385,"Ependymal cells","Ependymal cells"
4.5175475048446e-174,-5.46658447268574,0.077,0.749,3.79473990406946e-172,"10","Syn1",-0.672,"Ependymal cells","Ependymal cells"
1.12641859186251e-158,3.16359067120399,0.295,0.043,9.46191617164512e-157,"10","Sncg",0.252,"Ependymal cells","Ependymal cells"
2.67599365851197e-155,2.50698806336305,0.412,0.082,2.24783467315005e-153,"10","Plce1",0.33,"Ependymal cells","Ependymal cells"
1.63864345052691e-151,2.67326427185143,0.341,0.06,1.3764604984426e-149,"10","Acaa2",0.281,"Ependymal cells","Ependymal cells"
2.70642760721287e-147,-6.39612483446691,0.016,0.664,2.27339919005881e-145,"10","Rbfox3",-0.648,"Ependymal cells","Ependymal cells"
3.36422621931321e-119,-1.58046130028024,0.606,0.903,2.8259500242231e-117,"10","Map2",-0.297,"Ependymal cells","Ependymal cells"
1.27174777399998e-112,1.72466564151997,0.111,0.009,1.06826813015998e-110,"10","Mecom",0.102,"Ependymal cells","Ependymal cells"
2.09371618773518e-112,1.77926997445341,0.727,0.342,1.75872159769755e-110,"10","Aldh2",0.385,"Ependymal cells","Ependymal cells"
1.72266889269156e-108,-2.57558909704034,0.253,0.706,1.44704186986091e-106,"10","Gphn",-0.453,"Ependymal cells","Ependymal cells"
5.22001829828684e-89,-6.82847004613499,0.008,0.484,4.38481537056094e-87,"10","Gda",-0.476,"Ependymal cells","Ependymal cells"
3.31752040014413e-84,-5.25620143753533,0.03,0.489,2.78671713612107e-82,"10","Slc17a7",-0.459,"Ependymal cells","Ependymal cells"
1.88780831780906e-82,-4.23518431481649,0.081,0.524,1.58575898695961e-80,"10","Pcp4",-0.443,"Ependymal cells","Ependymal cells"
7.49026516884799e-82,1.70805826116582,0.303,0.073,6.29182274183231e-80,"10","Gfap",0.23,"Ependymal cells","Ependymal cells"
2.26395482197591e-76,2.98902432028434,0.596,0.341,1.90172205045976e-74,"10","Prdx6",0.255,"Ependymal cells","Ependymal cells"
1.01535254516273e-65,-2.24772481922072,0.212,0.588,8.52896137936689e-64,"10","Hmgcr",-0.376,"Ependymal cells","Ependymal cells"
8.63741182942819e-59,-1.51309502575612,0.535,0.728,7.25542593671968e-57,"10","Hk1",-0.193,"Ependymal cells","Ependymal cells"
1.2687387210268e-54,-4.14945374319966,0.034,0.378,1.06574052566251e-52,"10","Pde1a",-0.344,"Ependymal cells","Ependymal cells"
5.81951321067108e-48,-4.41813326220654,0.042,0.358,4.88839109696371e-46,"10","Nefh",-0.316,"Ependymal cells","Ependymal cells"
1.10590843238712e-45,-2.98986378038449,0.063,0.372,9.28963083205181e-44,"10","B3gat1",-0.309,"Ependymal cells","Ependymal cells"
9.9573704171146e-39,-5.85574819545234,0.002,0.26,8.36419115037627e-37,"10","Bdnf",-0.258,"Ependymal cells","Ependymal cells"
4.36341640138915e-38,-1.5836877127402,0.289,0.542,3.66526977716688e-36,"10","Dhcr24",-0.253,"Ependymal cells","Ependymal cells"
2.12859068153892e-34,-4.53295242135117,0.032,0.277,1.78801617249269e-32,"10","Gad1",-0.245,"Ependymal cells","Ependymal cells"
9.06998022925033e-32,-0.677518125052975,0.659,0.843,7.61878339257028e-30,"10","Ogt",-0.184,"Ependymal cells","Ependymal cells"
7.39341108923189e-30,-4.80397553194565,0.018,0.232,6.21046531495479e-28,"10","Gad2",-0.214,"Ependymal cells","Ependymal cells"
1.70944499831539e-29,-3.25967380362764,0.038,0.255,1.43593379858493e-27,"10","Pde7b",-0.217,"Ependymal cells","Ependymal cells"
2.9681298993662e-26,-1.78556888894099,0.05,0.258,2.49322911546761e-24,"10","Inpp4b",-0.208,"Ependymal cells","Ependymal cells"
8.88932950502952e-26,-4.04208819335501,0.01,0.198,7.4670367842248e-24,"10","Nos1",-0.188,"Ependymal cells","Ependymal cells"
5.68513021687739e-25,0.620347996225331,0.139,0.042,4.77550938217701e-23,"10","Gja1",0.097,"Ependymal cells","Ependymal cells"
6.88940552512386e-23,-4.22524035001816,0.014,0.184,5.78710064110404e-21,"10","Slc17a6",-0.17,"Ependymal cells","Ependymal cells"
1.44390722801305e-21,1.57466907424878,0.253,0.121,1.21288207153096e-19,"10","Npy2r",0.132,"Ependymal cells","Ependymal cells"
8.00397957285989e-16,-3.6134795459762,0,0.115,6.72334284120231e-14,"10","Galntl6",-0.115,"Ependymal cells","Ependymal cells"
9.29785201608057e-14,1.86673014120827,0.636,0.756,7.81019569350768e-12,"10","Ntrk2",-0.12,"Ependymal cells","Ependymal cells"
1.14030666824666e-10,-1.97468067687027,0.05,0.151,9.57857601327195e-09,"10","Ust",-0.101,"Ependymal cells","Ependymal cells"
3.47523650849229e-10,-1.65191307995549,0.358,0.459,2.91919866713353e-08,"10","Slc6a1",-0.101,"Ependymal cells","Ependymal cells"
1.35798962560304e-09,1.37588072135681,0.198,0.119,1.14071128550655e-07,"10","Prps2",0.079,"Ependymal cells","Ependymal cells"
1.74291665062038e-08,-0.331719647596284,0.212,0.121,1.46404998652112e-06,"10","Aldh1l1",0.091,"Ependymal cells","Ependymal cells"
1.2555418728291e-07,-1.61057790558614,0.046,0.121,1.05465517317644e-05,"10","Fdft1",-0.075,"Ependymal cells","Ependymal cells"
9.93950106175609e-06,0.319505314590991,0.992,0.983,0.000834918089187511,"10","Psap",0.00900000000000001,"Ependymal cells","Ependymal cells"
0.000362702966562364,-1.37886363553279,0.196,0.259,0.0304670491912386,"10","Gpx3",-0.063,"Ependymal cells","Ependymal cells"
0.00445547429929126,-0.405488167306777,0.085,0.13,0.374259841140466,"10","B3galt1",-0.045,"Ependymal cells","Ependymal cells"
