"p_val","avg_log2FC","pct.1","pct.2","p_val_adj","cluster","gene"
9.14039389997762e-113,1.42200570350351,0.873,0.342,8.68337420497874e-111,"TU","C11H16N2O8-H"
9.4560790150406e-54,1.11638081291267,0.758,0.382,8.98327506428857e-52,"TU","C6H12O6-H"
3.32026316545288e-37,1.21024112382,0.443,0.189,3.15425000718023e-35,"TU","C6H10O7-H"
4.15283435939141e-113,1.14999584290036,0.595,0.463,3.94519264142184e-111,"Uncertain","C23H46NO7P-H"
3.88870844682141e-101,1.1631120048812,0.47,0.329,3.69427302448034e-99,"Uncertain","C11H16N2O8-H"
6.85561029890893e-95,1.16057911308589,0.45,0.318,6.51282978396348e-93,"Uncertain","C8H15NO9S-H"
8.69870332006567e-87,1.03438897495549,0.726,0.648,8.26376815406239e-85,"Uncertain","C6H12O9S-H"
1.41831920955452e-43,1.1130403454302,0.185,0.115,1.34740324907679e-41,"Uncertain","C21H41O7P-H"
3.05018409695706e-10,1.1996329297702,0.524,0.25,2.89767489210921e-08,"CA3so","C10H17N3O6-H"
3.80028949898958e-07,1.32779209457252,0.381,0.19,3.6102750240401e-05,"CA3so","C5H6O5-H"
9.6386467956847e-06,1.11602671446098,0.343,0.18,0.000915671445590047,"CA3so","C4H8O5-H"
2.52626943234626e-05,1.20462000192669,0.305,0.156,0.00239995596072894,"CA3so","C5H4O5-H"
6.06750224248647e-05,-1.99684409260269,0.152,0.336,0.00576412713036215,"CA3so","C8H15NO9S-H"
0.000290679734298615,-1.50351372458288,0.352,0.482,0.0276145747583684,"CA3so","C23H46NO7P-H"
0,-5.10988569523111,0.161,0.693,0,"OLF","C6H12O9S-H"
0,-5.03298178298303,0.068,0.51,0,"OLF","C23H46NO7P-H"
2.50062504291357e-108,-2.9044152884844,0.129,0.35,2.37559379076789e-106,"OLF","C8H15NO9S-H"
6.98591666500773e-40,-1.03965816225511,0.258,0.393,6.63662083175734e-38,"OLF","C5H12NO6P-H"
8.48894499725065e-38,-1.68573553905609,0.072,0.178,8.06449774738812e-36,"OLF","C6H10O6-H"
1.58480096851014e-36,-1.3906829483475,0.091,0.199,1.50556092008464e-34,"OLF","C6H10O7-H"
1.46751021191627e-26,-1.66110656836867,0.272,0.353,1.39413470132046e-24,"OLF","C11H16N2O8-H"
1.3531041966173e-22,-1.6905229318124,0.059,0.129,1.28544898678644e-20,"OLF","C21H41O7P-H"
1.07550479256519e-15,-1.02109531639438,0.079,0.139,1.02172955293693e-13,"OLF","C6H14NO7P-H"
4.97960593383947e-75,1.5745693003398,0.794,0.344,4.7306256371475e-73,"CEAc","C11H16N2O8-H"
1.36042116434179e-28,1.0504756306489,0.677,0.383,1.2924001061247e-26,"CEAc","C6H12O6-H"
1.54040310989498e-17,-2.60633430253184,0.282,0.483,1.46338295440023e-15,"CEAc","C23H46NO7P-H"
1.03168138830796e-09,1.20751223730464,0.247,0.132,9.80097318892559e-08,"CEAc","C6H11O9P-H"
1.48249827234248e-07,-1.94916859916815,0.712,0.658,1.40837335872536e-05,"CEAc","C6H12O9S-H"
5.39598278392024e-07,-1.84120931635039,0.222,0.337,5.12618364472423e-05,"CEAc","C8H15NO9S-H"
7.16293723949335e-05,-1.66145682396547,0.054,0.128,0.00680479037751869,"CEAc","C5H4N4-H"
0.000113747598958229,-2.01784549535476,0.054,0.125,0.0108060219010318,"CEAc","C21H41O7P-H"
2.0228229741445e-153,-2.53823656587964,0.482,0.669,1.92168182543727e-151,"CTXsp","C6H12O9S-H"
1.21453850870052e-144,-2.8847956119925,0.218,0.497,1.15381158326549e-142,"CTXsp","C23H46NO7P-H"
5.90674563381228e-66,-2.20547565517983,0.165,0.346,5.61140835212167e-64,"CTXsp","C8H15NO9S-H"
9.95958996892016e-34,-1.09467258933715,0.195,0.323,9.46161047047415e-32,"CTXsp","C5H4N4O2-H"
6.07661325621619e-17,-1.58634756610198,0.064,0.128,5.77278259340538e-15,"CTXsp","C21H41O7P-H"
1.97651614604112e-15,-1.06088279526369,0.075,0.138,1.87769033873906e-13,"CTXsp","C6H14NO7P-H"
5.34121760553708e-73,2.52200502220039,0.991,0.346,5.07415672526022e-71,"DMHp","C11H16N2O8-H"
1.05479732768129e-60,-1.07164352925949,1,1,1.00205746129722e-58,"DMHp","C2H7NO3S-H"
6.82329713214533e-32,1.54726761001697,0.908,0.384,6.48213227553807e-30,"DMHp","C6H12O6-H"
3.78669538796002e-19,1.33612326987872,0.798,0.402,3.59736061856202e-17,"DMHp","C6H10N2O4-H"
3.28107724065891e-11,1.11845976505983,0.651,0.348,3.11702337862596e-09,"DMHp","C6H6O6-H"
3.74137704540834e-07,1.54999724559899,0.284,0.126,3.55430819313792e-05,"DMHp","C3H10NO4P-H"
4.27097225844014e-07,1.16347805441882,0.367,0.18,4.05742364551814e-05,"DMHp","C4H8N2O3-H"
8.03486019740541e-07,1.11036412114627,0.45,0.255,7.63311718753514e-05,"DMHp","C5H8O6-H"
1.16543918716421e-05,-2.7656910608907,0.147,0.336,0.001107167227806,"DMHp","C8H15NO9S-H"
1.12039894787929e-219,-1.06098650896914,1,1,1.06437900048533e-217,"VMHc","C2H7NO3S-H"
1.67776489886005e-104,1.68408026494113,0.86,0.38,1.59387665391705e-102,"VMHc","C6H12O6-H"
1.11494558219847e-103,1.24574274782133,0.983,0.803,1.05919830308855e-101,"VMHc","C5H10N2O3+Cl"
8.1772580075446e-48,-2.87332676744421,0.35,0.662,7.76839510716737e-46,"VMHc","C6H12O9S-H"
1.08005082654614e-34,1.15756572806293,0.589,0.312,1.02604828521883e-32,"VMHc","C5H4N4O2-H"
6.14252711511494e-34,1.19776686173993,0.665,0.401,5.83540075935919e-32,"VMHc","C6H10N2O4-H"
3.56801338982093e-28,-3.63308872810318,0.081,0.339,3.38961272032988e-26,"VMHc","C8H15NO9S-H"
1.89737862776358e-26,1.38884833323724,0.433,0.222,1.8025096963754e-24,"VMHc","C6H7O6-H"
3.58882400387889e-22,-2.67736086227854,0.278,0.484,3.40938280368494e-20,"VMHc","C23H46NO7P-H"
2.1371038578296e-19,1.06342173400922,0.35,0.178,2.03024866493812e-17,"VMHc","C4H8N2O3-H"
3.72692012023425e-19,1.4782088054858,0.342,0.178,3.54057411422254e-17,"VMHc","C4H8O5-H"
4.04276444728925e-17,1.1984705575028,0.239,0.108,3.84062622492478e-15,"VMHc","C4H9NO3-H"
1.77482371301758e-07,-2.14535214354937,0.039,0.125,1.6860825273667e-05,"VMHc","C21H41O7P-H"
0,2.11124894631583,0.862,0.33,0,"LHA","C11H16N2O8-H"
1.89429207108143e-292,1.07512486221737,0.997,0.646,1.79957746752736e-290,"LHA","C6H12O9S-H"
5.75553840856876e-244,1.10696407726009,0.93,0.465,5.46776148814032e-242,"LHA","C23H46NO7P-H"
2.5693322289122e-80,1.28984758418656,0.546,0.302,2.44086561746659e-78,"LHA","C18H34O2-H"
3.8151808344167e-37,-1.16025959690201,0.162,0.345,3.62442179269587e-35,"LHA","C3H7NO3-H"
1.23360743890081e-29,-1.13509841879567,0.223,0.38,1.17192706695577e-27,"LHA","C5H10NO7P-H"
2.64045908618237e-301,2.45675225749906,0.986,0.339,2.50843613187325e-299,"DMHa","C11H16N2O8-H"
8.99341892332428e-84,1.20779472306875,0.803,0.38,8.54374797715807e-82,"DMHa","C6H12O6-H"
1.57802822347415e-40,1.02989956385743,0.685,0.4,1.49912681230044e-38,"DMHa","C6H10N2O4-H"
1.46353649568961e-26,1.18467971201261,0.376,0.189,1.39035967090513e-24,"DMHa","C6H10O7-H"
3.81521112564052e-20,1.00207118017662,0.392,0.222,3.62445056935849e-18,"DMHa","C6H7O6-H"
2.45379211771906e-07,-1.12252098932451,0.24,0.34,2.33110251183311e-05,"DMHa","C3H7NO3-H"
0,-3.97240150968737,0.093,0.434,0,"Isocortex","C11H16N2O8-H"
0,-2.33494120001267,0.168,0.459,0,"Isocortex","C6H12O6-H"
0,-1.01202359123336,1,1,0,"Isocortex","C6H12O6+Cl"
9.93977972509755e-158,-1.82332124683197,0.231,0.371,9.44279073884267e-156,"Isocortex","C8H15NO9S-H"
4.99697540540926e-147,-1.50173946754262,0.619,0.672,4.7471266351388e-145,"Isocortex","C6H12O9S-H"
3.91541947738392e-120,-1.44419040448762,0.107,0.22,3.71964850351472e-118,"Isocortex","C6H10O7-H"
8.34939924067527e-115,-1.52077601826697,0.412,0.505,7.9319292786415e-113,"Isocortex","C23H46NO7P-H"
4.81946880537187e-108,-1.18560413550298,0.227,0.345,4.57849536510327e-106,"Isocortex","C5H4N4O2-H"
2.73963334427275e-123,-1.14010891933784,0.466,0.713,2.60265167705912e-121,"CP","C4H8NO7P+Cl"
1.63309413429467e-120,-2.82019182062806,0.108,0.363,1.55143942757993e-118,"CP","C11H16N2O8-H"
3.62527466238454e-62,-1.15290508947889,0.173,0.36,3.44401092926531e-60,"CP","C6H6O6-H"
3.01479127867381e-55,-1.06198277265413,0.235,0.414,2.86405171474012e-53,"CP","C6H10N2O4-H"
1.6126676159107e-42,-1.38103585910506,0.099,0.232,1.53203423511517e-40,"CP","C6H7O6-H"
8.09160157507858e-38,-1.0356518276015,0.132,0.263,7.68702149632465e-36,"CP","C5H8O6-H"
4.84120636470194e-36,-1.19152542896378,0.193,0.323,4.59914604646684e-34,"CP","C5H4N4O2-H"
7.36343492763028e-28,-1.40674575833617,0.069,0.162,6.99526318124877e-26,"CP","C5H4O5-H"
1.7285160931386e-24,-1.02924923022725,0.094,0.185,1.64209028848167e-22,"CP","C4H8O5-H"
1.48601491875581e-89,1.3340304492244,0.826,0.342,1.41171417281802e-87,"CEAm","C11H16N2O8-H"
1.06025679816872e-71,1.61956932585788,0.78,0.382,1.00724395826028e-69,"CEAm","C6H12O6-H"
6.05242848880818e-22,1.24813163009627,0.381,0.19,5.74980706436777e-20,"CEAm","C6H10O7-H"
2.82085751179481e-246,1.62219410713422,0.866,0.335,2.67981463620507e-244,"MEAad","C11H16N2O8-H"
1.99406580745842e-226,1.79837369522825,0.864,0.374,1.8943625170855e-224,"MEAad","C6H12O6-H"
7.06405419340417e-131,-3.98775103351754,0.312,0.667,6.71085148373396e-129,"MEAad","C6H12O9S-H"
1.70164304071353e-86,-3.86285990480271,0.154,0.489,1.61656088867786e-84,"MEAad","C23H46NO7P-H"
3.51238319787247e-69,1.3275404915266,0.428,0.186,3.33676403797885e-67,"MEAad","C6H10O7-H"
2.11252723677944e-52,-3.28571507722308,0.092,0.342,2.00690087494047e-50,"MEAad","C8H15NO9S-H"
5.82226048767353e-15,-2.49940520841565,0.036,0.127,5.53114746328985e-13,"MEAad","C21H41O7P-H"
1.9309699505863e-143,-1.03693111451777,1,1,1.83442145305698e-141,"VMHdm","C2H7NO3S-H"
3.87799503318461e-86,1.55764999406299,0.885,0.344,3.68409528152538e-84,"VMHdm","C11H16N2O8-H"
1.93666101477869e-77,1.72536266059778,0.877,0.382,1.83982796403975e-75,"VMHdm","C6H12O6-H"
2.38479741668041e-72,1.24171755547136,0.993,0.804,2.26555754584639e-70,"VMHdm","C5H10N2O3+Cl"
1.01949876980606e-54,-4.62276671306272,0.208,0.662,9.68523831315759e-53,"VMHdm","C6H12O9S-H"
2.7567053661114e-49,1.37644293609566,0.725,0.312,2.61887009780583e-47,"VMHdm","C5H4N4O2-H"
3.12360894916292e-48,1.70044561551461,0.587,0.222,2.96742850170478e-46,"VMHdm","C6H7O6-H"
1.15760036464319e-47,1.40869960115324,0.796,0.401,1.09972034641103e-45,"VMHdm","C6H10N2O4-H"
1.0816530400125e-39,1.42364374422022,0.703,0.346,1.02757038801188e-37,"VMHdm","C6H6O6-H"
6.99123168673918e-29,1.00672914825187,0.848,0.561,6.64167010240223e-27,"VMHdm","C7H12N2O3-H"
6.02095512368558e-28,1.52814053796821,0.398,0.154,5.7199073675013e-26,"VMHdm","C5H4O5-H"
1.26156316323543e-26,1.56709905184188,0.424,0.179,1.19848500507366e-24,"VMHdm","C4H8N2O3-H"
2.46689712848233e-25,1.13119472266492,0.524,0.254,2.34355227205822e-23,"VMHdm","C5H8O6-H"
2.31027229387187e-21,1.32307841606397,0.398,0.178,2.19475867917828e-19,"VMHdm","C4H8O5-H"
5.00558821261367e-20,-5.01660886907985,0.082,0.338,4.75530880198299e-18,"VMHdm","C8H15NO9S-H"
7.25286652230786e-19,-2.99798980864269,0.245,0.483,6.89022319619247e-17,"VMHdm","C23H46NO7P-H"
1.28536387752492e-15,1.23107834522701,0.26,0.108,1.22109568364868e-13,"VMHdm","C4H9NO3-H"
1.36779267198602e-11,1.10488328257618,0.271,0.132,1.29940303838672e-09,"VMHdm","C7H12N2O4-H"
3.38018922428986e-07,1.33284264871735,0.175,0.087,3.21117976307536e-05,"VMHdm","C8H11NO5-H"
6.36874147817916e-21,1.0343070898042,0.817,0.515,6.0503044042702e-19,"SMT","CH4NO5P+Cl"
1.97679826116203e-09,-1.63807980092354,0.147,0.35,1.87795834810393e-07,"SMT","C6H6O6-H"
1.06563926201011e-08,-2.91568333716747,0.183,0.349,1.0123572989096e-06,"SMT","C11H16N2O8-H"
3.78905197611837e-08,-2.14150219610482,0.147,0.321,3.59959937731245e-06,"SMT","C5H5N5O+Cl"
2.39818285866881e-06,-1.10520143064509,0.558,0.654,0.000227827371573537,"SMT","C5H5N5O-H"
5.29316366797217e-06,-1.0372844368382,0.188,0.34,0.000502850548457357,"SMT","C3H7NO3-H"
5.72359537165866e-06,-2.10792646040481,0.091,0.225,0.000543741560307573,"SMT","C6H7O6-H"
5.80071955613716e-05,-1.24517778729118,0.264,0.387,0.0055106835783303,"SMT","C6H12O6-H"
1.30233752815342e-126,1.46785458514365,1,0.803,1.23722065174574e-124,"ARH","C5H10N2O3+Cl"
2.97214476813904e-106,1.36998144094359,0.91,0.342,2.82353752973209e-104,"ARH","C11H16N2O8-H"
2.34336180460962e-90,-6.85992175240894,0.069,0.664,2.22619371437914e-88,"ARH","C6H12O9S-H"
4.35615951562293e-73,1.36200876058687,0.838,0.382,4.13835153984178e-71,"ARH","C6H12O6-H"
7.4917364173589e-65,1.54640845947083,0.541,0.177,7.11714959649095e-63,"ARH","C4H8N2O3-H"
6.64320943268101e-62,1.28883224043473,0.733,0.311,6.31104896104696e-60,"ARH","C5H4N4O2-H"
1.83957112294627e-60,1.93944339058247,0.387,0.107,1.74759256679896e-58,"ARH","C4H9NO3-H"
5.5671110954639e-60,1.64304037625796,0.589,0.221,5.2887555406907e-58,"ARH","C6H7O6-H"
1.8167317283156e-54,1.14860145210306,0.718,0.317,1.72589514189982e-52,"ARH","C5H5N5O+Cl"
1.7660817776519e-53,1.16392022773443,0.916,0.56,1.67777768876931e-51,"ARH","C7H12N2O3-H"
1.47735564963414e-45,1.1785999364381,0.757,0.4,1.40348786715243e-43,"ARH","C6H10N2O4-H"
2.19104511215272e-41,1.10859197018923,0.7,0.346,2.08149285654508e-39,"ARH","C6H6O6-H"
4.39322253682375e-33,1.0721194508552,0.544,0.253,4.17356140998256e-31,"ARH","C5H8O6-H"
2.09352584260815e-29,1.04034039960505,0.52,0.249,1.98884955047774e-27,"ARH","C10H17N3O6-H"
1.04938006196644e-26,1.07410720714593,0.372,0.154,9.96911058868121e-25,"ARH","C5H4O5-H"
1.12836939725331e-26,-4.24409923059621,0.06,0.338,1.07195092739064e-24,"ARH","C8H15NO9S-H"
6.079229641419e-25,-3.56815075416947,0.243,0.484,5.77526815934805e-23,"ARH","C23H46NO7P-H"
2.13975500291075e-22,1.50247412332553,0.219,0.077,2.03276725276521e-20,"ARH","C6H9N3O2-H"
3.16666909848605e-14,1.00564574579173,0.273,0.132,3.00833564356175e-12,"ARH","C7H12N2O4-H"
2.26816814665767e-13,1.06020919356066,0.33,0.179,2.15475973932479e-11,"ARH","C4H8O5-H"
2.73844693957633e-240,3.98713853309331,0.562,0.056,2.60152459259752e-238,"VL","C10H16N4O3-H"
3.93192766774271e-72,1.17844503867736,1,0.997,3.73533128435558e-70,"VL","C5H5N5-H"
2.10591160186717e-49,1.7679958425522,0.872,0.652,2.00061602177381e-47,"VL","C5H5N5O-H"
1.25964532695037e-47,1.84846850437925,0.872,0.73,1.19666306060285e-45,"VL","C5H5N5+Cl"
2.3055564335095e-47,2.63471779244131,0.328,0.076,2.19027861183402e-45,"VL","C6H9N3O2-H"
6.17443153785518e-45,2.08865102195227,0.702,0.318,5.86570996096242e-43,"VL","C5H5N5O+Cl"
1.63635216214734e-32,1.79392265161663,0.651,0.337,1.55453455403997e-30,"VL","C3H7NO3-H"
2.12357178727276e-29,-1.6185733773118,0.328,0.69,2.01739319790912e-27,"VL","C4H9NO2-H"
2.19266686744216e-29,1.02829162324244,0.94,0.855,2.08303352407005e-27,"VL","C4H12NO4P-H"
6.08051592833743e-29,1.48146127700966,0.63,0.313,5.77649013192056e-27,"VL","C5H4N4O2-H"
8.33986628340632e-21,-1.26354650833035,0.409,0.7,7.92287296923601e-19,"VL","C4H8NO7P+Cl"
9.73243094181486e-17,-3.20496894826404,0.094,0.35,9.24580939472412e-15,"VL","C11H16N2O8-H"
1.49918992197854e-15,1.34898938650077,0.272,0.108,1.42423042587961e-13,"VL","C4H9NO3-H"
3.47786098193172e-14,-2.17229305134516,0.068,0.3,3.30396793283514e-12,"VL","C11H19NO9-H"
3.99528186273135e-14,-1.4751588579487,0.128,0.376,3.79551776959478e-12,"VL","C5H10NO7P-H"
7.80527199029195e-14,1.29702930103083,0.366,0.179,7.41500839077735e-12,"VL","C4H8N2O3-H"
8.76713014315806e-14,1.44040167688341,0.294,0.132,8.32877363600015e-12,"VL","C7H12N2O4-H"
6.69567767400242e-13,1.35209125766705,0.626,0.454,6.3608937903023e-11,"VL","C6H8N2O4-H"
1.41474201574847e-12,1.09958113220062,0.698,0.563,1.34400491496105e-10,"VL","C7H12N2O3-H"
1.72075121015542e-12,1.49345207736691,0.43,0.25,1.63471364964765e-10,"VL","C10H17N3O6-H"
2.33841532182839e-12,-1.79735966155978,0.14,0.361,2.22149455573697e-10,"VL","C8H13NO5-H"
5.01675251365536e-12,1.3049889339674,0.277,0.126,4.7659148879726e-10,"VL","C5H4N4-H"
1.63955279905707e-07,1.07606426624721,0.298,0.17,1.55757515910421e-05,"VL","C6H10O6-H"
1.60304445637975e-05,-2.2885843159782,0.055,0.157,0.00152289223356076,"VL","C5H4O5-H"
9.67814437065965e-05,-1.37529131862319,0.123,0.225,0.00919423715212667,"VL","C6H7O6-H"
0.000125200136368491,-1.31705856275685,0.085,0.181,0.0118940129550066,"VL","C4H8O5-H"
2.79699388378112e-135,1.69909884427273,0.841,0.341,2.65714418959206e-133,"ZI","C11H16N2O8-H"
1.18915651462889e-132,1.27040067900475,0.994,0.654,1.12969868889745e-130,"ZI","C6H12O9S-H"
9.44353099943278e-112,1.32021882274986,0.923,0.475,8.97135444946114e-110,"ZI","C23H46NO7P-H"
1.75252678344015e-29,1.42644250403468,0.525,0.307,1.66490044426814e-27,"ZI","C18H34O2-H"
2.75719916162605e-27,1.21811991195821,0.29,0.122,2.61933920354475e-25,"ZI","C21H41O7P-H"
4.97708627753123e-19,-1.16755397713635,0.138,0.342,4.72823196365467e-17,"ZI","C3H7NO3-H"
4.54232208794748e-17,-1.18725767968545,0.166,0.352,4.31520598355011e-15,"ZI","C6H6O6-H"
4.11611295875236e-10,-1.60790186994003,0.108,0.226,3.91030731081475e-08,"ZI","C6H7O6-H"
2.63431669927669e-08,-1.09163648920078,0.082,0.182,2.50260086431286e-06,"ZI","C4H8N2O3-H"
1.44578889380535e-07,-1.15032397448572,0.095,0.192,1.37349944911509e-05,"ZI","C5H6O5-H"
9.90553080330759e-214,-1.11582583532216,1,1,9.41025426314221e-212,"VMHvl","C2H7NO3S-H"
1.64588483111636e-80,1.17646768362144,0.81,0.343,1.56359058956055e-78,"VMHvl","C11H16N2O8-H"
3.18657717533177e-65,1.41263994493499,0.778,0.382,3.02724831656518e-63,"VMHvl","C6H12O6-H"
7.28816858166734e-17,1.0147302504133,0.443,0.257,6.92376015258397e-15,"VMHvl","C8H7O4-H"
1.75078692147762e-16,1.10576832239215,0.34,0.179,1.66324757540374e-14,"VMHvl","C4H8N2O3-H"
2.12662021785897e-08,-1.2483240845406,0.214,0.34,2.02028920696603e-06,"VMHvl","C3H7NO3-H"
2.76735188308574e-08,-3.01003808834459,0.032,0.125,2.62898428893145e-06,"VMHvl","C21H41O7P-H"
8.92504626420144e-06,-1.56195946898443,0.243,0.337,0.000847879395099137,"VMHvl","C8H15NO9S-H"
4.75501315886846e-11,1.15721514879894,0.748,0.516,4.51726250092504e-09,"MDc","CH4NO5P+Cl"
2.67045137065655e-08,-2.19008755047995,0.092,0.34,2.53692880212373e-06,"MDc","C3H7NO3-H"
4.51458881351965e-05,-1.96588852235564,0.092,0.256,0.00428885937284366,"MDc","C5H8O6-H"
0.000116455385989689,-7.37909228293407,0.008,0.125,0.0110632616690205,"MDc","C21H41O7P-H"
0.000298764907576596,-1.89770959230312,0.21,0.348,0.0283826662197766,"MDc","C11H16N2O8-H"
2.32245773157042e-74,1.19085348878357,1,1,2.2063348449919e-72,"CEAl","C6H12O6+Cl"
1.31528072878027e-39,1.97041234808396,0.875,0.384,1.24951669234126e-37,"CEAl","C6H12O6-H"
8.4247297603219e-34,-6.33111953704856,0.058,0.66,8.0034932723058e-32,"CEAl","C6H12O9S-H"
4.31690814529102e-19,1.7446451334398,0.508,0.191,4.10106273802647e-17,"CEAl","C6H10O7-H"
7.76946508089685e-19,-4.66604339174201,0.058,0.483,7.38099182685201e-17,"CEAl","C23H46NO7P-H"
1.09220572455235e-13,1.39311181502021,0.65,0.348,1.03759543832473e-11,"CEAl","C6H6O6-H"
6.86666967841918e-11,-3.92618944491291,0.05,0.337,6.52333619449822e-09,"CEAl","C8H15NO9S-H"
1.47159210147743e-05,-1.81974250439163,0.108,0.291,0.00139801249640356,"CEAl","C23H48NO7P-H"
9.80354948869467e-05,1.31229398744927,0.317,0.19,0.00931337201425994,"CEAl","C5H6O5-H"
0.000131830952467079,-2.68524504968713,0.008,0.125,0.0125239404843725,"CEAl","C21H41O7P-H"
9.83393996353469e-145,1.71727913905933,1,0.654,9.34224296535795e-143,"VPL","C6H12O9S-H"
7.13047098821714e-124,-1.86044284398043,0.672,0.952,6.77394743880629e-122,"VPL","C6H8O7+Cl"
6.07523782644508e-104,1.6826991691007,0.917,0.476,5.77147593512283e-102,"VPL","C23H46NO7P-H"
3.90814246667142e-100,-1.74808824901554,0.573,0.928,3.71273534333784e-98,"VPL","C6H8O6-H"
2.38641947506138e-93,1.82948932810784,0.773,0.33,2.26709850130831e-91,"VPL","C8H15NO9S-H"
3.12388068269739e-29,-2.09868357558814,0.071,0.352,2.96768664856252e-27,"VPL","C6H6O6-H"
7.48313500356902e-29,-1.05314515455712,0.27,0.584,7.10897825339057e-27,"VPL","C4H7NO3-H"
2.00557857976782e-25,-1.15381339269837,0.293,0.567,1.90529965077943e-23,"VPL","C7H12N2O3-H"
4.00026098350871e-24,-1.47206338601497,0.144,0.407,3.80024793433328e-22,"VPL","C6H10N2O4-H"
2.26519775010597e-23,-2.22370994561996,0.058,0.293,2.15193786260067e-21,"VPL","C11H17NO8-H"
9.19101552383581e-23,-1.21629848520807,0.149,0.405,8.73146474764402e-21,"VPL","C5H7NO4-H"
1.0475146622642e-20,-1.13638953706547,0.212,0.458,9.95138929150988e-19,"VPL","C6H8N2O4-H"
1.74986037269548e-19,-1.06940861681638,0.131,0.362,1.66236735406071e-17,"VPL","C8H13NO5-H"
1.59111017712555e-18,-1.43833818603352,0.091,0.301,1.51155466826927e-16,"VPL","C11H19NO9-H"
1.90903308643869e-18,-2.98909415840238,0.043,0.227,1.81358143211676e-16,"VPL","C6H7O6-H"
4.95092669072384e-16,-1.01536745898515,0.073,0.258,4.70338035618764e-14,"VPL","C5H8O6-H"
1.09323631352389e-15,-3.5638411419809,0.01,0.158,1.0385744978477e-13,"VPL","C5H4O5-H"
6.22915942361191e-14,-1.34661984252654,0.207,0.388,5.91770145243132e-12,"VPL","C6H12O6-H"
8.48123442547752e-14,-3.09255420301208,0.038,0.182,8.05717270420365e-12,"VPL","C4H8N2O3-H"
3.06890562895707e-12,-1.79397790150749,0.197,0.35,2.91546034750922e-10,"VPL","C11H16N2O8-H"
1.1687620568754e-11,-1.30585328523476,0.048,0.182,1.11032395403163e-09,"VPL","C4H8O5-H"
3.34241256692877e-11,-1.36367518915925,0.058,0.192,3.17529193858233e-09,"VPL","C5H6O5-H"
5.18746127740064e-27,-3.87985899963633,0.362,0.66,4.92808821353061e-25,"RHP","C6H12O9S-H"
3.81925575213711e-23,-3.92007800234608,0.114,0.483,3.62829296453026e-21,"RHP","C23H46NO7P-H"
9.14422603110662e-17,1.07084910619351,0.627,0.358,8.68701472955128e-15,"RHP","C8H13NO5-H"
1.54627685906974e-16,1.19940823802845,0.605,0.337,1.46896301611625e-14,"RHP","C3H7NO3-H"
3.41781456925147e-10,-3.04482147602311,0.13,0.337,3.2469238407889e-08,"RHP","C8H15NO9S-H"
8.58740097380735e-06,-1.46735082124995,0.238,0.385,0.000815803092511698,"RHP","C5H12NO6P-H"
3.07388027783514e-05,-1.44111475984039,0.178,0.316,0.00292018626394338,"RHP","C5H4N4O2-H"
0.000119128375115796,1.00601961954814,0.2,0.112,0.0113171956360006,"RHP","C7H11NO4-H"
5.36601669305459e-97,1.75273904441453,0.786,0.315,5.09771585840186e-95,"CA3sp","C5H5N5O+Cl"
7.79598803738392e-97,1.66197684535665,0.949,0.65,7.40618863551473e-95,"CA3sp","C5H5N5O-H"
1.08655388120221e-70,1.45957709190088,0.719,0.311,1.0322261871421e-68,"CA3sp","C5H4N4O2-H"
7.3859054492076e-57,1.04835447117848,0.965,0.729,7.01661017674722e-55,"CA3sp","C5H5N5+Cl"
1.77023866846209e-44,1.46592183757781,0.42,0.153,1.68172673503899e-42,"CA3sp","C5H4O5-H"
5.35914701826705e-44,1.08343631945198,0.684,0.345,5.0911896673537e-42,"CA3sp","C6H6O6-H"
1.56935105923576e-43,-1.00827357576848,0.872,0.949,1.49088350627397e-41,"CA3sp","C2H8NO4P+Cl"
5.81206905042054e-30,1.02098593690974,0.503,0.248,5.52146559789951e-28,"CA3sp","C10H17N3O6-H"
1.4151829975443e-17,-2.93179964514523,0.324,0.483,1.34442384766708e-15,"CA3sp","C23H46NO7P-H"
1.05441690808712e-11,-1.37564153061243,0.136,0.301,1.00169606268276e-09,"CA3sp","C11H19NO9-H"
6.29710307283065e-10,-1.72235347614182,0.257,0.388,5.98224791918911e-08,"CA3sp","C6H12O6-H"
6.77309884831609e-09,-1.28628168669934,0.155,0.292,6.43444390590029e-07,"CA3sp","C11H17NO8-H"
3.52714604893423e-08,-2.05437059819911,0.73,0.658,3.35078874648752e-06,"CA3sp","C6H12O9S-H"
2.27397853865365e-07,-2.12240755600147,0.233,0.337,2.16027961172097e-05,"CA3sp","C8H15NO9S-H"
1.55643966849314e-156,-1.07845519973179,1,1,1.47861768506848e-154,"GPe","C5H9NO4-H"
1.62243125933118e-86,1.58791043512422,0.996,0.656,1.54130969636462e-84,"GPe","C6H12O9S-H"
3.27862802280961e-60,1.46427865072028,0.885,0.478,3.11469662166913e-58,"GPe","C23H46NO7P-H"
3.33679424732292e-59,1.76811963467603,0.745,0.332,3.16995453495677e-57,"GPe","C8H15NO9S-H"
4.1330531766133e-50,-1.10588114742881,0.867,0.95,3.92640051778263e-48,"GPe","C6H8O7+Cl"
1.07364302173686e-43,-1.52029381078982,0.392,0.81,1.01996087065001e-41,"GPe","C5H8O5-H"
2.36479481851069e-31,-1.20740390550697,0.558,0.835,2.24655507758516e-29,"GPe","C6H8O7-H"
2.71610577995127e-28,-1.26435979775607,0.363,0.701,2.58030049095371e-26,"GPe","C4H8NO7P+Cl"
1.15793422176657e-26,-1.48795229540915,0.464,0.734,1.10003751067824e-24,"GPe","C5H5N5+Cl"
1.86275318586332e-21,-1.49072295233139,0.388,0.656,1.76961552657016e-19,"GPe","C5H5N5O-H"
8.20386943568084e-21,-1.18253991695118,0.288,0.583,7.7936759638968e-19,"GPe","C4H7NO3-H"
2.17752288464035e-18,-2.09756621737903,0.119,0.376,2.06864674040833e-16,"GPe","C5H10NO7P-H"
3.17212749498196e-17,-1.75722771050042,0.155,0.404,3.01352112023286e-15,"GPe","C5H7NO4-H"
1.46291480796601e-14,-2.23061379152003,0.108,0.322,1.38976906756771e-12,"GPe","C5H5N5O+Cl"
1.93346072434309e-12,1.48979361514988,0.259,0.123,1.83678768812593e-10,"GPe","C21H41O7P-H"
4.34224601950661e-12,-1.95272349100447,0.126,0.317,4.12513371853128e-10,"GPe","C5H4N4O2-H"
7.08586881633024e-10,-1.04007276739236,0.219,0.405,6.73157537551373e-08,"GPe","C6H10N2O4-H"
2.02653292498067e-09,-1.20545482520063,0.18,0.351,1.92520627873164e-07,"GPe","C6H6O6-H"
2.32979428432214e-09,-2.51511956224625,0.05,0.191,2.21330457010604e-07,"GPe","C5H6O5-H"
4.48670287459115e-09,-1.56761870404476,0.043,0.181,4.26236773086159e-07,"GPe","C4H8O5-H"
2.86577711792968e-07,-2.23113405392669,0.025,0.128,2.72248826203319e-05,"GPe","C5H4N4-H"
2.90800612891723e-07,-1.52928579857202,0.097,0.226,2.76260582247137e-05,"GPe","C6H7O6-H"
4.36621960614684e-07,-1.89493730778671,0.047,0.157,4.1479086258395e-05,"GPe","C5H4O5-H"
3.58911514893051e-06,-2.18344339959509,0.04,0.134,0.000340965939148399,"GPe","C7H12N2O4-H"
7.64053261567175e-53,-1.36796782828413,1,1,7.25850598488816e-51,"alv","C4H7NO4-H"
2.44334874866923e-50,2.36795908865428,1,0.48,2.32118131123577e-48,"alv","C23H46NO7P-H"
1.19136674075095e-47,2.22710022355546,1,0.657,1.1317984037134e-45,"alv","C6H12O9S-H"
5.37023721488754e-47,2.3435446245068,0.933,0.334,5.10172535414317e-45,"alv","C8H15NO9S-H"
8.10353490698601e-32,2.31682935344327,0.629,0.17,7.69835816163671e-30,"alv","C6H10O6-H"
1.7602325046488e-28,1.81272222744385,0.517,0.123,1.67222087941636e-26,"alv","C21H41O7P-H"
5.00773654807566e-25,2.794909284443,0.315,0.059,4.75734972067188e-23,"alv","C10H16N4O3-H"
1.57601617029819e-16,1.00494535304427,0.978,0.862,1.49721536178328e-14,"alv","C3H8NO6P-H"
3.14978391728795e-14,2.38181308529341,0.393,0.134,2.99229472142355e-12,"alv","C6H14NO7P-H"
8.43413395332001e-13,1.13929849227836,0.742,0.383,8.01242725565401e-11,"alv","C5H12NO6P-H"
2.1631959074229e-12,1.30982042889681,0.483,0.191,2.05503611205175e-10,"alv","C6H10O7-H"
2.38283627475529e-12,2.11905621594674,0.292,0.085,2.26369446101752e-10,"alv","C21H39O6P-H"
2.14263477251994e-11,-1.97438428081433,0.382,0.688,2.03550303389395e-09,"alv","C4H9NO2-H"
2.24018335586071e-11,1.60157481252972,0.551,0.258,2.12817418806768e-09,"alv","C28H38O4-H"
1.67665792083316e-10,-8.56912593017225,0.022,0.349,1.5928250247915e-08,"alv","C11H16N2O8-H"
1.78282387961271e-08,-1.16599347941712,0.584,0.806,1.69368268563207e-06,"alv","C5H10N2O3+Cl"
6.67244397527579e-08,1.17773339287126,0.64,0.399,6.338821776512e-06,"alv","C21H41O6P-H"
2.52292764840164e-06,-1.34205012190792,0.258,0.518,0.000239678126598156,"alv","CH4NO5P+Cl"
1.33657613986185e-05,-1.91685089967019,0.157,0.375,0.00126974733286876,"alv","C5H10NO7P-H"
6.55497301972666e-05,-1.31377876560107,0.146,0.36,0.00622722436874032,"alv","C8H13NO5-H"
0.000107364542985181,-1.92424470345448,0.112,0.299,0.0101996315835922,"alv","C11H19NO9-H"
0.000133113992337964,1.19122679729315,0.169,0.066,0.0126458292721066,"alv","C19H39O7P-H"
0.000144493773443127,-1.3491985579894,0.202,0.403,0.013726908477097,"alv","C5H7NO4-H"
0.000161164377422509,-2.04147139392931,0.056,0.225,0.0153106158551384,"alv","C6H7O6-H"
3.59511544018508e-29,1.089238106603,1,0.949,3.41535966817582e-27,"DG-po","C6H8O7+Cl"
1.03738290453887e-21,2.55127145637304,0.607,0.156,9.85513759311925e-20,"DG-po","C5H4O5-H"
3.13169193562276e-12,1.3338765519295,0.804,0.348,2.97510733884162e-10,"DG-po","C6H6O6-H"
2.79129116154497e-08,1.28708231324184,0.643,0.315,2.65172660346773e-06,"DG-po","C5H4N4O2-H"
6.68650058226256e-08,-1.0217874676392,0.893,0.948,6.35217555314944e-06,"DG-po","C2H8NO4P+Cl"
1.08550437991386e-07,-3.85911248688045,0.125,0.482,1.03122916091816e-05,"DG-po","C23H46NO7P-H"
1.86096870975529e-07,1.11266393413408,0.571,0.255,1.76792027426752e-05,"DG-po","C5H8O6-H"
2.39925983386744e-07,1.11314551298999,0.518,0.224,2.27929684217407e-05,"DG-po","C6H7O6-H"
3.42690301002329e-06,1.41753148557209,0.411,0.18,0.000325555785952212,"DG-po","C4H8O5-H"
7.27406066878733e-06,-1.4414645802751,0.696,0.806,0.000691035763534796,"DG-po","C5H10N2O3+Cl"
6.18578219543837e-05,1.26403171080946,0.304,0.127,0.00587649308566645,"DG-po","C5H4N4-H"
0.000155866936945124,-2.87059518176477,0.607,0.658,0.0148073590097868,"DG-po","C6H12O9S-H"
0.000363408985759463,-1.40625049136888,0.339,0.554,0.034523853647149,"DG-po","H5O10P3-H"
0.000483142367479333,-4.13716528065573,0.214,0.4,0.0458985249105366,"DG-po","C21H41O6P-H"
0,3.04283970640579,0.859,0.306,0,"DG-sg","C5H5N5O+Cl"
0,2.43670657292277,0.85,0.301,0,"DG-sg","C5H4N4O2-H"
0,2.32850892768578,0.961,0.645,0,"DG-sg","C5H5N5O-H"
0,2.12455031154257,0.971,0.725,0,"DG-sg","C5H5N5+Cl"
0,1.04373223507719,1,0.948,0,"DG-sg","C6H8O7+Cl"
0,1.31971472136722,1,0.997,0,"DG-sg","C5H5N5-H"
0,-1.0403126137811,1,1,0,"DG-sg","C2H8NO4P-H"
3.52329473827628e-258,2.49404791675848,0.502,0.117,3.34713000136247e-256,"DG-sg","C5H4N4-H"
1.29781682188617e-238,1.90490872229101,0.823,0.337,1.23292598079186e-236,"DG-sg","C6H6O6-H"
7.07370113082181e-225,-1.80342578122199,0.684,0.955,6.72001607428072e-223,"DG-sg","C2H8NO4P+Cl"
2.61288556643023e-194,2.18436041155854,0.508,0.147,2.48224128810872e-192,"DG-sg","C5H4O5-H"
6.09660708443701e-166,1.80971359852698,0.596,0.215,5.79177673021516e-164,"DG-sg","C6H7O6-H"
3.76278967486042e-125,-4.8632189694281,0.073,0.492,3.5746501911174e-123,"DG-sg","C23H46NO7P-H"
1.05003896517199e-122,-1.39030589334458,0.554,0.87,9.9753701691339e-121,"DG-sg","C3H8NO6P-H"
4.24589681258976e-116,-3.35683606314973,0.354,0.666,4.03360197196027e-114,"DG-sg","C6H12O9S-H"
1.93075143448621e-115,1.30346986922467,0.783,0.446,1.8342138627619e-113,"DG-sg","C6H8N2O4-H"
7.25596509775534e-80,1.26978850282677,0.526,0.249,6.89316684286757e-78,"DG-sg","C5H8O6-H"
5.52592043354351e-57,1.07757410212297,0.477,0.245,5.24962441186633e-55,"DG-sg","C10H17N3O6-H"
1.30757624943424e-51,-3.22799276012984,0.102,0.342,1.24219743696253e-49,"DG-sg","C8H15NO9S-H"
4.74066162586415e-50,-2.64896030079607,0.07,0.305,4.50362854457094e-48,"DG-sg","C11H19NO9-H"
2.81779585715189e-34,1.1367479560521,0.271,0.13,2.67690606429429e-32,"DG-sg","C7H12N2O4-H"
1.22792206807457e-29,-1.61051026857677,0.135,0.315,1.16652596467084e-27,"DG-sg","C18H34O2-H"
3.18473635188538e-27,-1.45708994293139,0.126,0.295,3.02549953429111e-25,"DG-sg","C23H48NO7P-H"
2.17914135586281e-21,-1.19465372773319,0.254,0.404,2.07018428806967e-19,"DG-sg","C21H41O6P-H"
4.57358861408183e-21,-1.2869381714973,0.12,0.263,4.34490918337774e-19,"DG-sg","C28H38O4-H"
1.36473812519618e-18,-1.00525803256805,0.156,0.294,1.29650121893637e-16,"DG-sg","C11H17NO8-H"
6.16150243199029e-14,-2.39826203599871,0.047,0.132,5.85342731039078e-12,"DG-sg","C21H43O7P-H"
3.1168567457393e-13,-1.05454206443039,0.278,0.387,2.96101390845234e-11,"DG-sg","C5H12NO6P-H"
1.72873375458777e-12,-1.91682058227268,0.047,0.126,1.64229706685838e-10,"DG-sg","C21H41O7P-H"
6.21308183992387e-08,-1.64581648241136,0.299,0.349,5.90242774792768e-06,"DG-sg","C11H16N2O8-H"
0.00010506767725787,-1.1575067678121,0.085,0.128,0.00998142933949761,"DG-sg","C3H10NO4P-H"
1.23025282399197e-24,-1.47024610590017,0.45,0.807,1.16874018279237e-22,"LH","C5H10N2O3+Cl"
3.25904934846154e-13,-2.50321905418156,0.071,0.34,3.09609688103847e-11,"LH","C3H7NO3-H"
1.33645863081491e-10,-1.53845742981448,0.16,0.403,1.26963569927416e-08,"LH","C5H7NO4-H"
8.14665391909912e-08,-1.13364539670437,0.142,0.35,7.73932122314417e-06,"LH","C6H6O6-H"
5.82821266911192e-07,-1.38540738174838,0.059,0.225,5.53680203565632e-05,"LH","C6H7O6-H"
1.16476686258137e-06,-1.30876107396755,0.124,0.3,0.00011065285194523,"LH","C11H19NO9-H"
1.34269039872275e-05,-1.16501495231705,0.112,0.26,0.00127555587878662,"LH","C8H7O4-H"
2.91663303572036e-05,-2.11614785085029,0.059,0.181,0.00277080138393434,"LH","C4H8N2O3-H"
0.000241731507281423,-1.04460653309507,0.071,0.181,0.0229644931917352,"LH","C4H8O5-H"
3.47644151882667e-47,-3.9610977678167,0.16,0.662,3.30261944288534e-45,"DG-mo","C6H12O9S-H"
5.52892854195959e-40,1.45930182334662,0.753,0.347,5.25248211486161e-38,"DG-mo","C6H6O6-H"
1.29999687625286e-30,-4.55529529342426,0.082,0.484,1.23499703244021e-28,"DG-mo","C23H46NO7P-H"
6.06777705363598e-29,1.47751105843593,0.566,0.249,5.76438820095418e-27,"DG-mo","C10H17N3O6-H"
2.78728778640338e-24,1.44731746883394,0.406,0.155,2.64792339708321e-22,"DG-mo","C5H4O5-H"
9.33238526427316e-18,1.05908406229973,0.507,0.254,8.8657660010595e-16,"DG-mo","C5H8O6-H"
5.09855942797387e-15,1.43397689680283,0.311,0.132,4.84363145657517e-13,"DG-mo","C7H12N2O4-H"
2.57315337215249e-13,1.23925425211829,0.521,0.314,2.44449570354487e-11,"DG-mo","C5H4N4O2-H"
4.46092982961639e-12,-2.90189587233641,0.123,0.337,4.23788333813557e-10,"DG-mo","C8H15NO9S-H"
8.92834857996516e-09,1.2192017764133,0.233,0.111,8.4819311509669e-07,"DG-mo","C7H11NO4-H"
2.59094750071939e-08,-2.61025720764994,0.196,0.349,2.46140012568342e-06,"DG-mo","C11H16N2O8-H"
3.79162355693164e-08,1.09779048702474,0.32,0.18,3.60204237908505e-06,"DG-mo","C4H8N2O3-H"
1.98361487495851e-06,1.39240287329824,0.425,0.32,0.000188443413121059,"DG-mo","C5H5N5O+Cl"
1.08046424400844e-05,-1.9812617004956,0.068,0.181,0.00102644103180802,"DG-mo","C10H15N5O10P2-H"
1.30358566485597e-05,1.51264085101345,0.128,0.059,0.00123840638161317,"DG-mo","C10H16N4O3-H"
1.96578612007859e-05,1.06773326958898,0.699,0.653,0.00186749681407466,"DG-mo","C5H5N5O-H"
7.50356139358263e-26,2.47783161169296,0.943,0.224,7.1283833239035e-24,"ME","C6H7O6-H"
8.37281145830502e-20,1.94240427129052,0.971,0.32,7.95417088538977e-18,"ME","C5H5N5O+Cl"
8.38881439484168e-19,2.05104221814229,0.943,0.315,7.96937367509959e-17,"ME","C5H4N4O2-H"
5.98826887773452e-18,1.13347897461376,1,0.948,5.68885543384779e-16,"ME","C10H17N3O6S-H"
6.58358722986352e-16,1.72804077487516,0.971,0.349,6.25440786837034e-14,"ME","C6H6O6-H"
9.0484931489688e-15,1.01623709091147,1,0.924,8.59606849152036e-13,"ME","C6H8O6-H"
1.24532592549284e-14,1.79653342104411,0.8,0.251,1.1830596292182e-12,"ME","C10H17N3O6-H"
1.5193331336859e-14,1.45324906427126,0.943,0.347,1.44336647700161e-12,"ME","C11H16N2O8-H"
2.61249956522242e-14,1.63200900975241,0.629,0.156,2.4818745869613e-12,"ME","C5H4O5-H"
3.43413905903032e-14,1.69533012520824,1,0.731,3.26243210607881e-12,"ME","C5H5N5+Cl"
4.63448547831735e-13,2.22584687350279,0.486,0.109,4.40276120440149e-11,"ME","C4H9NO3-H"
1.38544771834586e-12,1.65942913559862,0.657,0.192,1.31617533242857e-10,"ME","C6H10O7-H"
8.78429130578805e-12,1.57246084235587,1,0.563,8.34507674049864e-10,"ME","C7H12N2O3-H"
9.29698771380254e-12,1.38157453455577,0.971,0.653,8.83213832811241e-10,"ME","C5H5N5O-H"
1.52427408773361e-11,1.12890271387322,1,0.855,1.44806038334693e-09,"ME","C4H12NO4P-H"
1.96916454719391e-11,1.44479610718149,0.914,0.386,1.87070631983421e-09,"ME","C6H12O6-H"
3.68443541721813e-11,-1.82011699544311,0.686,0.956,3.50021364635723e-09,"ME","C4H9N3O2-H"
4.8390163729703e-11,1.72315485580818,0.514,0.133,4.59706555432179e-09,"ME","C6H11O9P-H"
6.8508682542181e-11,2.06947353574652,0.371,0.078,6.5083248415072e-09,"ME","C6H9N3O2-H"
1.42547238820975e-10,-6.61649162056694,0.086,0.659,1.35419876879926e-08,"ME","C6H12O9S-H"
1.87112555950654e-10,1.16676464945903,1,0.805,1.77756928153122e-08,"ME","C5H10N2O3+Cl"
2.00228690247766e-10,1.45890348883827,0.914,0.454,1.90217255735378e-08,"ME","C6H8N2O4-H"
2.54714328227305e-10,1.75980238690294,0.486,0.127,2.4197861181594e-08,"ME","C5H4N4-H"
3.73649347999538e-10,1.49497429065958,1,0.725,3.54966880599561e-08,"ME","CH5O4P-H"
6.3789948774409e-10,1.59355650136565,0.857,0.403,6.06004513356885e-08,"ME","C6H10N2O4-H"
9.81744885587012e-10,1.24608186133959,0.971,0.58,9.32657641307661e-08,"ME","C4H7NO3-H"
1.22317713042596e-09,1.7083871823696,0.571,0.18,1.16201827390466e-07,"ME","C4H8O5-H"
1.4691497655415e-09,1.61846762226181,0.571,0.18,1.39569227726443e-07,"ME","C4H8N2O3-H"
6.17618812541475e-08,1.49955958502295,0.4,0.112,5.86737871914401e-06,"ME","C7H11NO4-H"
9.29448263552102e-08,1.78212284310921,0.343,0.088,8.82975850374497e-06,"ME","C8H11NO5-H"
2.04807561180566e-07,1.46663644494397,0.629,0.255,1.94567183121538e-05,"ME","C5H8O6-H"
4.70012533292728e-06,1.08051053480445,0.886,0.553,0.000446511906628092,"ME","H5O10P3-H"
8.71907106839328e-06,1.47023178063065,0.714,0.402,0.000828311751497361,"ME","C5H7NO4-H"
5.72709688917266e-05,-1.95953580045394,0.429,0.699,0.00544074204471403,"ME","C4H8NO7P+Cl"
0.000129193568151762,1.9022817027674,0.343,0.133,0.0122733889744174,"ME","C7H12N2O4-H"
0.000133882062701411,1.12297138984287,0.371,0.145,0.0127187959566341,"ME","C3H5O6P-H"
0.000135488625698285,1.39597491594369,0.343,0.126,0.0128714194413371,"ME","C3H10NO4P-H"
1.8468858323155e-136,1.16913208244399,1,0.653,1.75454154069973e-134,"VPM","C6H12O9S-H"
1.61476569752796e-122,-1.46107040035017,0.811,0.951,1.53402741265156e-120,"VPM","C6H8O7+Cl"
8.85028336791478e-91,1.09505270984535,0.894,0.475,8.40776919951904e-89,"VPM","C23H46NO7P-H"
1.64666198948548e-75,-1.18243272411377,0.725,0.927,1.56432889001121e-73,"VPM","C6H8O6-H"
2.35498400456606e-55,1.08126202473653,0.651,0.331,2.23723480433776e-53,"VPM","C8H15NO9S-H"
1.14696067474914e-34,-2.39697642693995,0.084,0.353,1.08961264101169e-32,"VPM","C6H6O6-H"
1.64557959602957e-34,-1.83430809461158,0.094,0.364,1.56330061622809e-32,"VPM","C8H13NO5-H"
3.52907353178069e-26,-3.01768195569526,0.026,0.227,3.35261985519165e-24,"VPM","C6H7O6-H"
2.29725872853219e-25,-1.48280421002036,0.171,0.407,2.18239579210558e-23,"VPM","C6H10N2O4-H"
5.42873171721962e-25,-2.1982759370028,0.133,0.351,5.15729513135864e-23,"VPM","C11H16N2O8-H"
2.42799064340559e-21,-1.54798588223131,0.183,0.389,2.30659111123531e-19,"VPM","C6H12O6-H"
2.63383215169573e-19,-1.87736406054515,0.08,0.258,2.50214054411094e-17,"VPM","C5H8O6-H"
5.1398490447073e-19,-1.02537514591438,0.143,0.342,4.88285659247193e-17,"VPM","C3H7NO3-H"
2.0219446336217e-17,-1.12714291046061,0.118,0.301,1.92084740194061e-15,"VPM","C11H19NO9-H"
1.91602180285009e-13,-1.73486664999404,0.036,0.158,1.82022071270758e-11,"VPM","C5H4O5-H"
1.93935069649141e-12,-1.22416016517861,0.058,0.182,1.84238316166684e-10,"VPM","C4H8O5-H"
2.21123619807773e-12,-1.29036652243734,0.058,0.182,2.10067438817384e-10,"VPM","C4H8N2O3-H"
8.43442139459785e-12,-1.11904896400276,0.068,0.192,8.01270032486796e-10,"VPM","C5H6O5-H"
4.51666594336895e-10,-1.2187611841479,0.038,0.135,4.2908326462005e-08,"VPM","C7H12N2O4-H"
2.9856910874262e-09,-1.01646100461597,0.199,0.322,2.83640653305489e-07,"VPM","C5H5N5O+Cl"
5.26211816260359e-07,-1.02382811766999,0.104,0.193,4.99901225447341e-05,"VPM","C6H10O7-H"
0.000144797097829295,-1.51574850364658,0.06,0.113,0.0137557242937831,"VPM","C7H11NO4-H"
8.50944449003912e-09,1.24765561180218,0.625,0.298,8.08397226553717e-07,"RE","C11H19NO9-H"
1.50622440754781e-07,1.14332036930668,0.359,0.133,1.43091318717042e-05,"RE","C6H11O9P-H"
3.08119981579316e-07,1.15893232072403,0.797,0.517,2.9271398250035e-05,"RE","CH4NO5P+Cl"
0.000247999150883522,-2.3831090780777,0.125,0.339,0.0235599193339346,"RE","C3H7NO3-H"
1.12309932299972e-133,-1.22272560450039,0.903,0.95,1.06694435684973e-131,"VAL","C6H8O7+Cl"
2.35601744064063e-76,-1.00150583728364,0.843,0.925,2.2382165686086e-74,"VAL","C6H8O6-H"
6.41688023458602e-46,-3.40946926562049,0.092,0.353,6.09603622285672e-44,"VAL","C11H16N2O8-H"
8.83363423259201e-37,-1.84723033144076,0.112,0.354,8.39195252096241e-35,"VAL","C6H6O6-H"
6.24824289350395e-36,-1.07958988402156,0.536,0.735,5.93583074882875e-34,"VAL","C5H5N5+Cl"
3.36981625192357e-26,-2.00814980760747,0.053,0.228,3.20132543932739e-24,"VAL","C6H7O6-H"
5.89851461190715e-26,-1.54869421199855,0.148,0.343,5.60358888131179e-24,"VAL","C3H7NO3-H"
1.73107394620591e-23,-1.45449882821747,0.204,0.39,1.64452024889561e-21,"VAL","C6H12O6-H"
2.01536032493461e-17,-1.4342165417882,0.172,0.323,1.91459230868788e-15,"VAL","C5H5N5O+Cl"
9.29427631597504e-17,-1.0749093894275,0.113,0.259,8.82956250017629e-15,"VAL","C5H8O6-H"
2.44902486135327e-13,-1.31293396594195,0.071,0.183,2.32657361828561e-11,"VAL","C4H8N2O3-H"
5.02109977563256e-12,-1.42176462162181,0.06,0.158,4.77004478685094e-10,"VAL","C5H4O5-H"
9.30249819086695e-09,-1.31717589917463,0.447,0.699,8.8373732813236e-07,"ec","C4H8NO7P+Cl"
5.76482111234248e-05,-1.74952550601599,0.078,0.252,0.00547658005672535,"ec","C10H17N3O6-H"
9.80897629992572e-05,-1.03628274710824,0.476,0.654,0.00931852748492944,"ec","C5H5N5O-H"
0.000340202204944606,-1.6076932779454,0.155,0.316,0.0323192094697376,"ec","C5H4N4O2-H"
5.50204830456181e-212,1.84270080889716,1,0.653,5.22694588933372e-210,"RT","C6H12O9S-H"
2.98666906565117e-179,1.81011621332119,0.964,0.474,2.83733561236861e-177,"RT","C23H46NO7P-H"
1.16953653969451e-154,-1.71308129928546,0.707,0.953,1.11105971270979e-152,"RT","C6H8O7+Cl"
4.88727400070843e-150,1.93083139815537,0.808,0.328,4.64291030067301e-148,"RT","C8H15NO9S-H"
3.5356712509426e-109,-1.47250009461567,0.639,0.928,3.35888768839547e-107,"RT","C6H8O6-H"
8.54705689240752e-59,-1.17705926472397,0.477,0.812,8.11970404778714e-57,"RT","C5H8O5-H"
2.26719670132452e-45,-1.06553370903717,0.37,0.693,2.15383686625829e-43,"RT","C4H9NO2-H"
1.47979713341099e-44,-2.60388537917752,0.053,0.354,1.40580727674044e-42,"RT","C6H6O6-H"
1.49258567315709e-41,-1.06843300353303,0.254,0.586,1.41795638949924e-39,"RT","C4H7NO3-H"
9.25919901930112e-37,-1.59500315509393,0.177,0.459,8.79623906833607e-35,"RT","C6H8N2O4-H"
4.2928897308966e-31,-1.3306158707304,0.143,0.406,4.07824524435177e-29,"RT","C5H7NO4-H"
3.95039971544744e-30,-1.23949820818659,0.15,0.408,3.75287972967506e-28,"RT","C6H10N2O4-H"
1.16542447933952e-29,-1.43094772088381,0.118,0.364,1.10715325537254e-27,"RT","C8H13NO5-H"
1.95494210262692e-29,-2.42252591294434,0.075,0.302,1.85719499749558e-27,"RT","C11H19NO9-H"
7.02096073142341e-29,-3.62490424299933,0.023,0.228,6.66991269485224e-27,"RT","C6H7O6-H"
1.03353370539275e-23,-1.15872048782665,0.156,0.378,9.81857020123109e-22,"RT","C5H10NO7P-H"
1.16850480683399e-21,-1.72842980146292,0.075,0.259,1.11007956649229e-19,"RT","C5H8O6-H"
8.88770850356733e-21,-4.12045580370437,0.009,0.159,8.44332307838896e-19,"RT","C5H4O5-H"
2.20520813978326e-20,-1.07788994439981,0.145,0.342,2.09494773279409e-18,"RT","C3H7NO3-H"
2.0092796623315e-18,-1.73541963943978,0.177,0.351,1.90881567921493e-16,"RT","C11H16N2O8-H"
4.08050233043432e-18,-2.29139680808038,0.043,0.193,3.87647721391261e-16,"RT","C5H6O5-H"
1.89523143900525e-16,-1.32246670135135,0.041,0.182,1.80046986705499e-14,"RT","C4H8O5-H"
6.71647396480455e-16,-1.55698460045262,0.045,0.183,6.38065026656432e-14,"RT","C4H8N2O3-H"
2.37565336146032e-10,1.32453197481895,0.211,0.123,2.2568706933873e-08,"RT","C21H41O7P-H"
4.17147041958145e-10,-1.12723799229723,0.026,0.114,3.96289689860237e-08,"RT","C7H11NO4-H"
7.72868241247097e-10,1.04784902823336,0.415,0.309,7.34224829184743e-08,"RT","C18H34O2-H"
1.83157855317407e-08,-1.08763356824687,0.045,0.128,1.73999962551536e-06,"RT","C5H4N4-H"
1.73476289590149e-07,-1.04001637388118,0.056,0.135,1.64802475110642e-05,"RT","C7H12N2O4-H"
2.3516651523326e-05,1.35588906535361,0.102,0.059,0.00223408189471597,"RT","C10H16N4O3-H"
3.54431531398333e-213,-1.64457580637866,1,1,3.36709954828416e-211,"MH","C6H9NO5-H"
2.91476721419693e-197,1.04659094018969,1,1,2.76902885348708e-195,"MH","C4H7NO4-H"
4.75430227261769e-163,1.21171100350324,1,0.997,4.5165871589868e-161,"MH","C5H5N5-H"
9.85213977135016e-147,2.09427314358498,0.985,0.65,9.35953278278266e-145,"MH","C5H5N5O-H"
4.40194493295041e-129,2.39069375864818,0.836,0.31,4.18184768630289e-127,"MH","C5H4N4O2-H"
2.55027451130843e-121,2.27774067805575,0.833,0.315,2.422760785743e-119,"MH","C5H5N5O+Cl"
8.22654810448602e-115,1.81130704963973,0.979,0.729,7.81522069926172e-113,"MH","C5H5N5+Cl"
5.30864301148457e-86,-3.54687695377184,0.126,0.704,5.04321086091035e-84,"MH","C4H8NO7P+Cl"
4.38282544529264e-26,-3.2627517956159,0.032,0.301,4.163684173028e-24,"MH","C11H19NO9-H"
1.82381152865234e-24,-4.02310040425109,0.038,0.293,1.73262095221972e-22,"MH","C11H17NO8-H"
5.11482299408994e-24,1.6610706163142,0.305,0.125,4.85908184438544e-22,"MH","C5H4N4-H"
5.73907889506164e-24,1.75680033041236,0.188,0.058,5.45212495030856e-22,"MH","C10H16N4O3-H"
3.97133432435323e-19,-1.88677144542349,0.129,0.362,3.77276760813557e-17,"MH","C8H13NO5-H"
5.56086811990356e-18,1.51789312674323,0.202,0.077,5.28282471390839e-16,"MH","C6H9N3O2-H"
5.06029356895572e-12,-2.0306607540572,0.185,0.35,4.80727889050793e-10,"MH","C11H16N2O8-H"
7.18212102599726e-10,-1.00231050993981,0.135,0.292,6.8230149746974e-08,"MH","C23H48NO7P-H"
8.88744708406517e-05,-1.44866693605322,0.059,0.13,0.00844307472986191,"MH","C21H43O7P-H"
1.05407810375991e-248,1.00020642916906,1,1,1.00137419857191e-246,"MEAav","C6H12O6+Cl"
5.30336845450949e-193,2.08379320180797,0.941,0.378,5.03820003178402e-191,"MEAav","C6H12O6-H"
6.34393785813583e-135,1.31940178489939,0.884,0.34,6.02674096522904e-133,"MEAav","C11H16N2O8-H"
1.29971658746269e-119,-6.21386045300789,0.112,0.666,1.23473075808955e-117,"MEAav","C6H12O9S-H"
1.24396587093108e-89,1.52915213135903,0.551,0.187,1.18176757738452e-87,"MEAav","C6H10O7-H"
2.15934925411409e-56,-4.55103306562634,0.131,0.486,2.05138179140839e-54,"MEAav","C23H46NO7P-H"
1.40237013338446e-33,-4.04402155188499,0.078,0.339,1.33225162671524e-31,"MEAav","C8H15NO9S-H"
1.73331666176722e-08,-2.24187902250161,0.04,0.126,1.64665082867886e-06,"MEAav","C21H41O7P-H"
1.76404255509903e-05,-2.76863243542781,0.162,0.348,0.00167584042734408,"MDl","C11H16N2O8-H"
3.69041473488141e-05,-1.35099814414744,0.131,0.34,0.00350589399813734,"MDl","C3H7NO3-H"
5.90753169436427e-05,-1.27703376443194,0.051,0.225,0.00561215510964606,"MDl","C6H7O6-H"
8.70690760119804e-05,-2.00073529093202,0.141,0.321,0.00827156222113814,"MDl","C5H5N5O+Cl"
3.2329463069884e-67,1.26688656454886,1,0.656,3.07129899163898e-65,"VM","C6H12O9S-H"
5.83181665574026e-57,-1.61278329232548,0.766,0.95,5.54022582295325e-55,"VM","C6H8O7+Cl"
1.33937109016886e-56,1.23105202839412,0.971,0.478,1.27240253566041e-54,"VM","C23H46NO7P-H"
2.81338636476083e-39,-1.42570515842344,0.751,0.925,2.67271704652279e-37,"VM","C6H8O6-H"
7.68915233443147e-33,1.12823811385269,0.732,0.333,7.30469471770989e-31,"VM","C8H15NO9S-H"
1.88889016534114e-14,-1.01366269038025,0.459,0.733,1.79444565707409e-12,"VM","C5H5N5+Cl"
3.3685422021591e-12,-1.47950810049376,0.112,0.351,3.20011509205115e-10,"VM","C6H6O6-H"
4.08955588551592e-11,-2.65062344631464,0.029,0.226,3.88507809124012e-09,"VM","C6H7O6-H"
1.37261258770491e-09,-1.81597671526674,0.102,0.3,1.30398195831966e-07,"VM","C11H19NO9-H"
1.95824786616353e-09,-1.27142467453031,0.137,0.34,1.86033547285536e-07,"VM","C3H7NO3-H"
6.0185481429426e-08,-3.73647163614182,0.02,0.157,5.71762073579547e-06,"VM","C5H4O5-H"
7.77799218659332e-08,-2.01713090569118,0.093,0.257,7.38909257726365e-06,"VM","C5H8O6-H"
2.69031511914616e-07,-1.09786146958904,0.224,0.405,2.55579936318885e-05,"VM","C6H10N2O4-H"
2.46803793656858e-06,-1.80243336331334,0.054,0.181,0.000234463603974016,"VM","C4H8N2O3-H"
2.80057758363168e-06,-1.07050981621038,0.205,0.361,0.00026605487044501,"VM","C8H13NO5-H"
3.80629072111979e-06,1.05961270897622,0.439,0.309,0.00036159761850638,"VM","C18H34O2-H"
5.6205988824148e-06,-1.94803493527046,0.059,0.181,0.000533956893829406,"VM","C4H8O5-H"
1.36133198501238e-05,-1.27594609137878,0.122,0.252,0.00129326538576176,"VM","C10H17N3O6-H"
0.000202275739900697,-1.16203859425492,0.2,0.321,0.0192161952905662,"VM","C5H5N5O+Cl"
2.24036859832657e-13,1.78248804108136,0.541,0.133,2.12835016841024e-11,"CA2sr","C7H12N2O4-H"
4.11578075096834e-13,1.71960668546541,0.865,0.349,3.90999171341993e-11,"CA2sr","C6H6O6-H"
2.06074474301873e-12,1.3590881266183,1,0.563,1.95770750586779e-10,"CA2sr","C7H12N2O3-H"
2.11090795927715e-12,1.51924529991122,0.919,0.403,2.00536256131329e-10,"CA2sr","C6H10N2O4-H"
1.47736766933822e-11,1.71713494993925,0.622,0.19,1.40349928587131e-09,"CA2sr","C5H6O5-H"
4.58146316768087e-11,1.89014061966606,0.486,0.127,4.35239000929683e-09,"CA2sr","C5H4N4-H"
1.76726082624301e-10,1.49373706311321,0.892,0.454,1.67889778493086e-08,"CA2sr","C6H8N2O4-H"
1.49220525062009e-09,1.38689016271398,0.838,0.402,1.41759498808909e-07,"CA2sr","C5H7NO4-H"
1.93965862837373e-09,1.78754072041657,0.649,0.251,1.84267569695505e-07,"CA2sr","C10H17N3O6-H"
6.4261055400403e-08,1.12949245028422,0.649,0.255,6.10480026303828e-06,"CA2sr","C5H8O6-H"
3.08155261458595e-07,1.30904968429059,0.676,0.315,2.92747498385665e-05,"CA2sr","C5H4N4O2-H"
3.33194171353178e-06,-1.11912268370719,0.919,0.948,0.000316534462785519,"CA2sr","C2H8NO4P+Cl"
4.33328990364748e-06,2.02196585744137,0.297,0.088,0.00041166254084651,"CA2sr","C8H11NO5-H"
2.19892716756365e-05,-5.08166297948412,0.162,0.482,0.00208898080918547,"CA2sr","C23H46NO7P-H"
6.58654801201582e-05,1.17044092573799,0.595,0.32,0.00625722061141502,"CA2sr","C5H5N5O+Cl"
0.000516373956543013,-3.32871700845964,0.595,0.658,0.0490555258715862,"CA2sr","C6H12O9S-H"
5.42835109732281e-05,1.10172335747861,0.862,0.517,0.00515693354245667,"PR","CH4NO5P+Cl"
0.000383946029652663,1.48407609130957,0.517,0.259,0.036474872817003,"PR","C8H7O4-H"
3.02124885995266e-216,2.40821855582243,0.993,0.475,2.87018641695503e-214,"cc","C23H46NO7P-H"
9.42944179839213e-215,2.5744400014089,0.931,0.328,8.95796970847252e-213,"cc","C8H15NO9S-H"
6.74991833097751e-209,2.30537281242649,1,0.654,6.41242241442864e-207,"cc","C6H12O9S-H"
2.43569109558993e-90,2.20459604160888,0.443,0.12,2.31390654081043e-88,"cc","C21H41O7P-H"
2.67972882389898e-58,-1.13484388218182,0.804,0.925,2.54574238270403e-56,"cc","C6H8O6-H"
5.2897833599355e-55,1.83532969457915,0.45,0.168,5.02529419193873e-53,"cc","C6H10O6-H"
1.53702484156731e-53,-1.72077620818743,0.301,0.692,1.46017359948894e-51,"cc","C4H9NO2-H"
3.28771301319107e-49,1.78663859323017,0.378,0.132,3.12332736253151e-47,"cc","C6H14NO7P-H"
8.74530405198276e-43,-1.3758898293793,0.586,0.808,8.30803884938362e-41,"cc","C5H10N2O3+Cl"
8.56248331189749e-42,-1.15198292192102,0.574,0.836,8.13435914630262e-40,"cc","C6H8O7-H"
1.04767386463688e-41,-5.33212221203091,0.031,0.352,9.95290171405035e-40,"cc","C11H16N2O8-H"
2.45480109242376e-41,1.43954097084043,0.658,0.381,2.33206103780257e-39,"cc","C5H12NO6P-H"
1.41423403704186e-27,-1.13259742475855,0.313,0.584,1.34352233518977e-25,"cc","C4H7NO3-H"
4.43506960137794e-27,-2.11023563483303,0.148,0.407,4.21331612130905e-25,"cc","C6H10N2O4-H"
2.86778853259843e-26,-1.25601917408343,0.311,0.567,2.72439910596851e-24,"cc","C7H12N2O3-H"
2.52566324526775e-24,-2.15661260457197,0.115,0.352,2.39938008300436e-22,"cc","C6H6O6-H"
6.12330424263506e-24,-2.01754276934966,0.124,0.363,5.8171390305033e-22,"cc","C8H13NO5-H"
2.77891968990428e-22,-1.57335169842644,0.17,0.405,2.63997370540907e-20,"cc","C5H7NO4-H"
7.77155335284056e-20,-1.37147571786724,0.156,0.377,7.38297568519853e-18,"cc","C5H10NO7P-H"
7.20044465398154e-19,-1.86208577058654,0.1,0.301,6.84042242128246e-17,"cc","C11H19NO9-H"
8.49048149842534e-17,-2.70675090436476,0.057,0.227,8.06595742350407e-15,"cc","C6H7O6-H"
6.67754470828552e-14,-2.94712394712852,0.024,0.158,6.34366747287124e-12,"cc","C5H4O5-H"
1.24867766304102e-12,1.08585307903016,0.141,0.058,1.18624377988897e-10,"cc","C10H16N4O3-H"
3.74394749894249e-10,1.26034204916809,0.17,0.084,3.55675012399536e-08,"cc","C21H39O6P-H"
1.47622661082393e-09,-1.118220938071,0.182,0.317,1.40241528028274e-07,"cc","C5H4N4O2-H"
7.17150314122386e-09,-1.67680521282307,0.074,0.182,6.81292798416267e-07,"cc","C4H8N2O3-H"
1.47955128297804e-08,-1.34614729605801,0.074,0.182,1.40557371882914e-06,"cc","C4H8O5-H"
1.01913453614431e-07,-1.08854217927298,0.089,0.192,9.68177809337091e-06,"cc","C5H6O5-H"
1.36739786036279e-59,1.03679942813761,1,0.949,1.29902796734465e-57,"CA1so","C6H8O7+Cl"
4.59888011726052e-18,-2.54176632739914,0.288,0.655,4.36893611139749e-16,"CA1so","C5H5N5O-H"
5.12998691422453e-17,1.01457347692746,0.712,0.348,4.8734875685133e-15,"CA1so","C6H6O6-H"
1.32631815334173e-16,1.6016722148827,0.424,0.155,1.26000224567465e-14,"CA1so","C5H4O5-H"
1.51312495157139e-16,-2.87369868489532,0.376,0.659,1.43746870399282e-14,"CA1so","C6H12O9S-H"
2.92153917500008e-14,1.03958925643456,0.512,0.223,2.77546221625008e-12,"CA1so","C6H7O6-H"
5.66835728399852e-13,-3.35381902965143,0.176,0.482,5.38493941979859e-11,"CA1so","C23H46NO7P-H"
1.44691798021676e-10,-3.82537010613271,0.08,0.349,1.37457208120592e-08,"CA1so","C11H16N2O8-H"
2.16605849678992e-10,1.06067849821855,0.624,0.359,2.05775557195042e-08,"CA1so","C8H13NO5-H"
7.37306023589402e-08,-2.11502598442408,0.16,0.387,7.00440722409932e-06,"CA1so","C6H12O6-H"
1.26037653620034e-07,-2.06692794441056,0.096,0.321,1.19735770939033e-05,"CA1so","C5H5N5O+Cl"
1.35473545376133e-07,-2.80705747536577,0.12,0.336,1.28699868107327e-05,"CA1so","C8H15NO9S-H"
2.24823344127836e-07,-1.17551542819932,0.552,0.732,2.13582176921445e-05,"CA1so","C5H5N5+Cl"
1.16610359199293e-06,-2.62453547938675,0.12,0.316,0.000110779841239329,"CA1so","C5H4N4O2-H"
2.58634541449853e-06,1.07587115681423,0.472,0.289,0.00024570281437736,"CA1so","C11H17NO8-H"
1.10534056103931e-05,-2.28769069543062,0.136,0.311,0.00105007353298734,"CA1so","C18H34O2-H"
9.07381877240463e-12,-1.70720534029803,0.205,0.35,8.6201278337844e-10,"MDm","C11H16N2O8-H"
1.87247481843558e-11,-3.49015123619124,0.017,0.126,1.7788510775138e-09,"MDm","C21H41O7P-H"
7.72935597244462e-11,-1.23258168103174,0.177,0.322,7.34288817382239e-09,"MDm","C5H5N5O+Cl"
2.0151033090579e-05,-1.28545773106754,0.103,0.181,0.001914348143605,"MDm","C4H8O5-H"
0.000178926009799245,-1.05587969557956,0.053,0.11,0.0169979709309283,"MDm","C4H9NO3-H"
8.2325704354528e-51,-1.17344921691962,0.787,0.925,7.82094191368016e-49,"LD","C6H8O6-H"
1.06949861843324e-22,-3.2132096388598,0.105,0.35,1.01602368751158e-20,"LD","C11H16N2O8-H"
6.60621393375846e-22,-1.9046805067118,0.129,0.389,6.27590323707054e-20,"LD","C6H12O6-H"
1.42695941376273e-17,-1.73480602913389,0.126,0.351,1.35561144307459e-15,"LD","C6H6O6-H"
7.03426495377255e-17,-2.5067943040748,0.035,0.226,6.68255170608393e-15,"LD","C6H7O6-H"
5.21733554362009e-14,-1.48025351380518,0.073,0.258,4.95646876643908e-12,"LD","C5H8O6-H"
4.24511839251461e-12,-1.1997600372634,0.222,0.406,4.03286247288888e-10,"LD","C6H10N2O4-H"
1.01006707295817e-09,-1.47349169304376,0.173,0.322,9.59563719310259e-08,"LD","C5H5N5O+Cl"
4.93799115141173e-09,-1.53814390358968,0.058,0.182,4.69109159384114e-07,"LD","C4H8N2O3-H"
3.89836893231988e-08,-1.11951453411806,0.064,0.181,3.70345048570388e-06,"LD","C4H8O5-H"
3.08732433619969e-07,-1.39547904548479,0.056,0.157,2.93295811938971e-05,"LD","C5H4O5-H"
1.93746077532272e-06,-1.35797981238628,0.082,0.181,0.000184058773655659,"LD","C10H15N5O10P2-H"
0.000163383137319622,-1.22800281321705,0.114,0.193,0.015521398045364,"LD","C6H10O7-H"
7.48168173246245e-19,-1.10946933274654,0.876,0.949,7.10759764583933e-17,"PO","C6H8O7+Cl"
1.31409532647813e-16,-1.2376444800164,0.773,0.924,1.24839056015423e-14,"PO","C6H8O6-H"
8.75823871455886e-10,-4.48766068659939,0.052,0.349,8.32032677883092e-08,"PO","C11H16N2O8-H"
1.54780887751867e-08,-4.56414123610931,0.082,0.35,1.47041843364274e-06,"PO","C6H6O6-H"
5.75598551123353e-08,-1.07775889774411,0.454,0.732,5.46818623567185e-06,"PO","C5H5N5+Cl"
2.86475852084409e-07,-2.13969951545476,0.134,0.387,2.72152059480189e-05,"PO","C6H12O6-H"
3.21212810268747e-07,-2.66157624310314,0.093,0.34,3.0515216975531e-05,"PO","C3H7NO3-H"
5.20828267668071e-07,-1.83409849682398,0.155,0.404,4.94786854284668e-05,"PO","C6H10N2O4-H"
1.58774425397712e-06,-1.17609800686009,0.443,0.654,0.000150835704127826,"PO","C5H5N5O-H"
6.17967918921699e-06,-1.65007664462231,0.052,0.256,0.000587069522975614,"PO","C5H8O6-H"
6.78450938725974e-06,-2.72755476118497,0.113,0.321,0.000644528391789676,"PO","C5H5N5O+Cl"
0.00015733594584038,-2.65651443636518,0.041,0.192,0.0149469148548361,"PO","C6H10O7-H"
0.000191143101900041,-1.41784328282978,0.062,0.225,0.0181585946805039,"PO","C6H7O6-H"
0.000349527891172571,-2.62853102547794,0.041,0.181,0.0332051496613942,"PO","C4H8N2O3-H"
7.06549626388763e-06,-1.96622774486601,0.36,0.659,0.000671222145069325,"amc","C6H12O9S-H"
2.94987077070228e-05,1.49376631836935,0.4,0.18,0.00280237723216716,"amc","C4H8O5-H"
0.000495395751326933,-1.921710700725,0.24,0.482,0.0470625963760586,"amc","C23H46NO7P-H"
1.98761421813363e-13,-1.9842283998673,0.247,0.7,1.88823350722695e-11,"PVT","C4H8NO7P+Cl"
4.14127980748621e-09,1.04267993531057,0.857,0.653,3.9342158171119e-07,"PVT","C5H5N5O-H"
0.000115540733856224,1.36429143356349,0.351,0.192,0.0109763697163413,"PVT","C6H10O7-H"
5.20173226367143e-28,2.01329227522739,0.948,0.347,4.94164565048786e-26,"A13","C11H16N2O8-H"
6.89412938812898e-19,1.11611952687252,1,0.658,6.54942291872253e-17,"A13","C6H12O9S-H"
1.41291722648644e-16,1.00488524353332,0.983,0.48,1.34227136516212e-14,"A13","C23H46NO7P-H"
9.52940180647777e-06,-2.498018639586,0.052,0.339,0.000905293171615388,"A13","C3H7NO3-H"
8.2078152420814e-05,1.36833730837589,0.517,0.31,0.00779742447997733,"A13","C18H34O2-H"
0.000131862529927225,-1.07855228398647,0.328,0.564,0.0125269403430863,"A13","C7H12N2O3-H"
1.61363146400585e-06,-3.09360939932852,0.302,0.482,0.000153294989080556,"IMD","C23H46NO7P-H"
3.91112650342521e-05,1.21116363399105,0.271,0.129,0.00371557017825395,"IMD","C21H43O7P-H"
7.05707848204949e-05,-2.34380846416928,0.646,0.658,0.00670422455794701,"IMD","C6H12O9S-H"
0.000226290785839309,-7.74640911885906,0,0.125,0.0214976246547344,"IMD","C21H41O7P-H"
0.000292412545965713,-3.02112106860885,0.208,0.348,0.0277791918667428,"IMD","C11H16N2O8-H"
2.30529732758026e-120,1.1549159944668,1,0.949,2.19003246120125e-118,"CA1sp","C6H8O7+Cl"
3.36491902979279e-69,2.147360082721,0.574,0.154,3.19667307830315e-67,"CA1sp","C5H4O5-H"
4.27594583831264e-58,1.68153586697356,0.821,0.346,4.06214854639701e-56,"CA1sp","C6H6O6-H"
1.1775399191028e-40,-4.62747826750379,0.278,0.661,1.11866292314766e-38,"CA1sp","C6H12O9S-H"
1.75326076429209e-31,-4.8708768370048,0.085,0.484,1.66559772607748e-29,"CA1sp","C23H46NO7P-H"
2.76601780627491e-27,1.1817439584542,0.529,0.223,2.62771691596116e-25,"CA1sp","C6H7O6-H"
1.53860208846262e-22,1.05976862489547,0.543,0.254,1.46167198403949e-20,"CA1sp","C5H8O6-H"
1.3696650287526e-18,-4.33040030258725,0.058,0.337,1.30118177731497e-16,"CA1sp","C8H15NO9S-H"
5.05837974703252e-17,-4.1601100059606,0.09,0.35,4.80546075968089e-15,"CA1sp","C11H16N2O8-H"
3.02996557703876e-13,1.14525754563006,0.368,0.179,2.87846729818682e-11,"CA1sp","C4H8O5-H"
5.12107991838685e-13,-2.25249868036351,0.161,0.388,4.86502592246751e-11,"CA1sp","C6H12O6-H"
7.19439801025397e-10,-2.37282818279875,0.126,0.311,6.83467810974128e-08,"CA1sp","C18H34O2-H"
5.12787745727664e-09,-1.09208939180501,0.372,0.555,4.87148358441281e-07,"CA1sp","H5O10P3-H"
2.31194004043793e-05,-1.51584269828985,0.072,0.181,0.00219634303841603,"CA1sp","C10H15N5O10P2-H"
8.14619819006748e-05,-1.64438724832758,0.04,0.13,0.00773888828056411,"CA1sp","C21H43O7P-H"
2.54595977910666e-21,-1.02096123632158,0.933,0.949,2.41866179015132e-19,"PCN","C6H8O7+Cl"
5.86416840089038e-10,-3.15106647124216,0.076,0.349,5.57095998084586e-08,"PCN","C11H16N2O8-H"
2.00149120532407e-09,-2.15145647908862,0.067,0.34,1.90141664505786e-07,"PCN","C3H7NO3-H"
1.07853274545121e-05,-1.5275077872584,0.168,0.35,0.00102460610817865,"PCN","C6H6O6-H"
4.86260784320476e-05,-1.67609662292649,0.067,0.225,0.00461947745104452,"PCN","C6H7O6-H"
7.73795380743993e-88,-1.11901096783811,1,1,7.35105611706793e-86,"fi","C6H9NO5-H"
9.052121513449e-87,2.95482063948486,0.914,0.333,8.59951543777655e-85,"fi","C8H15NO9S-H"
4.43831807141756e-85,-1.72392404364366,0.993,1,4.21640216784668e-83,"fi","C4H7NO4-H"
2.10832759423917e-84,2.73184167100597,0.96,0.479,2.00291121452722e-82,"fi","C23H46NO7P-H"
1.49196514427211e-76,2.54715099939589,0.96,0.657,1.41736688705851e-74,"fi","C6H12O9S-H"
5.42347620639974e-76,1.12996186261457,1,0.999,5.15230239607975e-74,"fi","C5H14NO6P-H"
5.99852115600116e-72,1.05089936722815,1,0.999,5.69859509820111e-70,"fi","C6H10O6+Cl"
4.1135399600549e-58,-1.27679554498888,0.934,0.996,3.90786296205215e-56,"fi","C5H9NO3-H"
2.20895053241782e-52,-2.03685450260662,0.636,0.951,2.09850300579693e-50,"fi","C6H8O7+Cl"
3.48175009042459e-52,-1.64135890200987,0.715,0.986,3.30766258590336e-50,"fi","C4H6O5-H"
6.6622324423548e-48,-1.09481360786518,0.974,0.995,6.32912082023706e-46,"fi","C5H7NO3-H"
1.1368462223884e-33,-1.57273998065072,0.669,0.925,1.08000391126898e-31,"fi","C6H8O6-H"
2.12396033392405e-32,2.76642210053184,0.424,0.123,2.01776231722785e-30,"fi","C21H41O7P-H"
2.56531598218452e-31,-2.10980480626221,0.172,0.69,2.4370501830753e-29,"fi","C4H9NO2-H"
2.16112910521826e-28,-1.62605828421776,0.391,0.835,2.05307264995735e-26,"fi","C6H8O7-H"
1.01812464447162e-25,-1.31511409150361,0.45,0.869,9.6721841224804e-24,"fi","C4H4O4-H"
3.06375297347271e-25,1.6584220065687,0.748,0.383,2.91056532479908e-23,"fi","C5H12NO6P-H"
4.59682284222268e-22,-1.34378442020185,0.417,0.807,4.36698170011155e-20,"fi","C5H10N2O3+Cl"
4.68924813830703e-20,-1.27740692443211,0.43,0.808,4.45478573139168e-18,"fi","C5H8O5-H"
1.06952243791545e-19,-1.40935659045982,0.291,0.7,1.01604631601968e-17,"fi","C4H8NO7P+Cl"
1.36062659577217e-15,-1.42974790101669,0.219,0.582,1.29259526598356e-13,"fi","C4H7NO3-H"
3.16477596519871e-15,1.84156900991679,0.404,0.17,3.00653716693878e-13,"fi","C6H10O6-H"
2.43686794806707e-14,-1.79931920557622,0.192,0.519,2.31502455066372e-12,"fi","CH4NO5P+Cl"
4.57344067156383e-14,-2.40567804714228,0.093,0.405,4.34476863798564e-12,"fi","C6H10N2O4-H"
5.67754479658243e-14,-3.4588942094676,0.053,0.35,5.39366755675331e-12,"fi","C6H6O6-H"
4.33295238835635e-13,-1.24588414237039,0.238,0.555,4.11630476893853e-11,"fi","H5O10P3-H"
9.77919637403465e-13,-1.82712541729558,0.079,0.376,9.29023655533292e-11,"fi","C5H10NO7P-H"
1.19401801877469e-12,-2.13835325704683,0.106,0.403,1.13431711783596e-10,"fi","C5H7NO4-H"
4.16992758390481e-12,-2.01905744637591,0.026,0.291,3.96143120470957e-10,"fi","C11H17NO8-H"
2.23710366726115e-11,-1.04586330815531,0.258,0.565,2.12524848389809e-09,"fi","C7H12N2O3-H"
3.67793488315919e-11,-3.3922901830546,0.099,0.349,3.49403813900123e-09,"fi","C11H16N2O8-H"
5.59755410675218e-11,-1.32038987258226,0.099,0.361,5.31767640141457e-09,"fi","C8H13NO5-H"
1.31956007710903e-09,-2.47517236964944,0.073,0.3,1.25358207325358e-07,"fi","C11H19NO9-H"
1.55401581685941e-09,1.79037112918235,0.291,0.134,1.47631502601644e-07,"fi","C6H14NO7P-H"
5.79865813624443e-09,-4.1809178041275,0.026,0.225,5.50872522943221e-07,"fi","C6H7O6-H"
2.15800668113843e-06,-1.56486388545125,0.093,0.27,0.000205010634708151,"fi","C19H37O6P-H"
2.50756754280592e-05,-1.35970690086561,0.053,0.191,0.00238218916566562,"fi","C5H6O5-H"
3.64246801709866e-05,-6.93786986544267,0.007,0.113,0.00346034461624373,"fi","C7H11NO4-H"
4.61565555019327e-05,1.43991987965047,0.238,0.129,0.00438487277268361,"fi","C21H43O7P-H"
5.38360053344272e-05,-4.47647820078136,0.04,0.157,0.00511442050677058,"fi","C5H4O5-H"
0.000166210869637981,1.00559982330902,0.517,0.399,0.0157900326156082,"fi","C21H41O6P-H"
0.000451103315818927,1.84100211434396,0.126,0.059,0.0428548150027981,"fi","C10H16N4O3-H"
1.2024122814642e-58,1.15573625365658,1,0.949,1.14229166739099e-56,"CA2sp","C6H8O7+Cl"
3.01241878087213e-50,2.33510505832147,0.676,0.155,2.86179784182852e-48,"CA2sp","C5H4O5-H"
1.79417744649843e-47,2.12029362763724,0.933,0.347,1.70446857417351e-45,"CA2sp","C6H6O6-H"
3.14072274786569e-42,1.93916188844687,0.876,0.319,2.98368661047241e-40,"CA2sp","C5H5N5O+Cl"
7.19453284227262e-39,1.91607657407521,0.743,0.223,6.83480620015899e-37,"CA2sp","C6H7O6-H"
1.67834222226634e-36,1.65702042924742,0.971,0.652,1.59442511115303e-34,"CA2sp","C5H5N5O-H"
9.18963279150703e-33,1.18077175982474,1,0.832,8.73015115193168e-31,"CA2sp","C6H8O7-H"
2.62086799092387e-29,1.30193328837293,0.99,0.731,2.48982459137768e-27,"CA2sp","C5H5N5+Cl"
1.62103327385806e-22,1.38303568237923,0.676,0.254,1.53998161016516e-20,"CA2sp","C5H8O6-H"
2.58553416237216e-20,1.06852686301478,0.743,0.314,2.45625745425355e-18,"CA2sp","C5H4N4O2-H"
1.70741422103619e-18,1.18346599755162,0.81,0.401,1.62204350998438e-16,"CA2sp","C5H7NO4-H"
4.41649454416305e-17,-1.23362957019927,0.905,0.948,4.19566981695489e-15,"CA2sp","C2H8NO4P+Cl"
4.54019357765275e-17,1.13784159647882,0.419,0.132,4.31318389877011e-15,"CA2sp","C7H12N2O4-H"
1.7799661306276e-15,1.23834167642248,0.59,0.25,1.69096782409622e-13,"CA2sp","C10H17N3O6-H"
2.93285940462003e-14,1.23053830364864,0.486,0.189,2.78621643438903e-12,"CA2sp","C5H6O5-H"
8.48442272977679e-10,-3.75131320515868,0.219,0.482,8.06020159328795e-08,"CA2sp","C23H46NO7P-H"
4.57479614733234e-09,1.11526624358531,0.4,0.18,4.34605633996573e-07,"CA2sp","C4H8O5-H"
8.18292230564494e-09,1.39037372583458,0.286,0.109,7.77377619036269e-07,"CA2sp","C4H9NO3-H"
1.60739900216252e-07,-1.04112000569246,0.829,0.862,1.5270290520544e-05,"CA2sp","C3H8NO6P-H"
2.84548007846561e-07,1.10785045427177,0.295,0.127,2.70320607454233e-05,"CA2sp","C5H4N4-H"
1.98273819987898e-06,-2.6931705412113,0.181,0.387,0.000188360128988503,"CA2sp","C6H12O6-H"
5.57894912629621e-06,-3.38783142475944,0.162,0.348,0.00053000016699814,"CA2sp","C11H16N2O8-H"
2.15736660016958e-05,1.08049456924658,0.19,0.078,0.0020494982701611,"CA2sp","C6H9N3O2-H"
0.000192921957918302,-1.19358138361143,0.124,0.299,0.0183275860022387,"CA2sp","C11H19NO9-H"
7.45068015360723e-10,1.00109033294979,0.752,0.516,7.07814614592687e-08,"CM","CH4NO5P+Cl"
3.49936761285179e-05,-1.63338056057862,0.06,0.225,0.0033243992322092,"CM","C6H7O6-H"
8.9384003780023e-05,-1.23686498752705,0.179,0.35,0.00849148035910218,"CM","C6H6O6-H"
0.000126863444467867,-1.0226279175495,0.504,0.654,0.0120520272244474,"CM","C5H5N5O-H"
0.00022217588450093,-1.3251273713488,0.179,0.339,0.0211067090275883,"CM","C3H7NO3-H"
0.000252010694238517,-2.79825111255353,0.034,0.157,0.0239410159526591,"CM","C5H4O5-H"
0.000437917519604435,-3.34152333242586,0.06,0.181,0.0416021643624213,"CM","C4H8O5-H"
1.24486220266896e-09,1.65221405405197,0.593,0.156,1.18261909253552e-07,"CA2so","C5H4O5-H"
1.55435200574194e-07,2.52805684707928,0.296,0.059,1.47663440545484e-05,"CA2so","C10H16N4O3-H"
1.89966539961554e-07,1.46410225879671,0.778,0.349,1.80468212963476e-05,"CA2so","C6H6O6-H"
2.33215809119892e-07,1.94900337118854,0.37,0.088,2.21555018663897e-05,"CA2so","C8H11NO5-H"
7.9495681660884e-07,2.23405683274164,0.333,0.078,7.55208975778398e-05,"CA2so","C6H9N3O2-H"
1.27926262678926e-06,1.28374622994689,0.852,0.454,0.00012152994954498,"CA2so","C6H8N2O4-H"
2.5920367946413e-06,1.17476884626191,0.296,0.066,0.000246243495490923,"CA2so","C19H39O7P-H"
6.01707519963617e-06,1.18094325998853,0.63,0.259,0.000571622143965436,"CA2so","C28H38O4-H"
1.20704471889137e-05,1.01540358579922,0.852,0.403,0.00114669248294681,"CA2so","C6H10N2O4-H"
1.47172176323722e-05,1.33166766458924,0.63,0.271,0.00139813567507536,"CA2so","C3H7O6P-H"
0.000110643369400013,1.12373733116332,0.741,0.4,0.0105111200930012,"CA2so","C21H41O6P-H"
0.000152091037812244,1.99066444916326,0.37,0.135,0.0144486485921632,"CA2so","C6H14NO7P-H"
0.000230599086601909,2.16762607135747,0.407,0.171,0.0219069132271813,"CA2so","C6H10O6-H"
1.45759905676727e-10,-3.38436537317699,0.073,0.349,1.3847191039289e-08,"CL","C11H16N2O8-H"
1.88227735889165e-05,-1.42436455400531,0.153,0.34,0.00178816349094707,"CL","C3H7NO3-H"
7.47952775204807e-05,-1.02387621630345,0.645,0.732,0.00710555136444567,"CL","C5H5N5+Cl"
9.64009096048108e-05,-2.30117891483683,0.081,0.225,0.00915808641245703,"CL","C6H7O6-H"
1.84701931673564e-48,2.77183174575657,1,0.334,1.75466835089886e-46,"GPi","C8H15NO9S-H"
6.46455253933579e-44,2.81294942859389,1,0.48,6.141324912369e-42,"GPi","C23H46NO7P-H"
1.49109780893958e-42,-1.42837906283066,1,1,1.4165429184926e-40,"GPi","C5H9NO4-H"
2.2652511624361e-40,2.52084541648377,1,0.658,2.1519886043143e-38,"GPi","C6H12O9S-H"
2.57964247911218e-37,-1.11125762737079,1,1,2.45066035515657e-35,"GPi","C4H7NO4-H"
2.04063247704221e-35,-1.77716357789162,0.791,0.995,1.9386008531901e-33,"GPi","C5H7NO3-H"
1.04953456115256e-33,1.06968904187181,1,0.999,9.97057833094928e-32,"GPi","C5H14NO6P-H"
4.66290585977007e-30,-2.6404131833073,0.448,0.95,4.42976056678157e-28,"GPi","C6H8O7+Cl"
1.05782919155943e-29,1.00508864509581,1,0.999,1.00493773198146e-27,"GPi","C6H10O6+Cl"
5.38192663945496e-25,3.05699597438939,0.522,0.124,5.11283030748221e-23,"GPi","C21H41O7P-H"
5.54688460862122e-25,-3.25300577649112,0.134,0.834,5.26954037819016e-23,"GPi","C6H8O7-H"
1.05024049050793e-24,-1.19340556149883,0.896,0.996,9.97728465982532e-23,"GPi","C5H9NO3-H"
5.91504515738306e-24,-2.38744774335754,0.463,0.925,5.61929289951391e-22,"GPi","C6H8O6-H"
9.90952065403811e-24,-3.46487293956854,0.164,0.808,9.41404462133621e-22,"GPi","C5H8O5-H"
1.00160886024245e-22,-1.42598453790644,0.776,0.985,9.51528417230324e-21,"GPi","C4H6O5-H"
6.04438538569916e-17,-2.46987057055357,0.164,0.733,5.7421661164142e-15,"GPi","C5H5N5+Cl"
5.97634376962022e-16,-2.073905028884,0.313,0.806,5.67752658113921e-14,"GPi","C5H10N2O3+Cl"
1.8972077908913e-13,-1.55551958698567,0.448,0.868,1.80234740134673e-11,"GPi","C4H4O4-H"
3.45751151352112e-12,-1.83560839366534,0.224,0.688,3.28463593784507e-10,"GPi","C4H9NO2-H"
4.40161632445368e-12,-3.00597245208027,0.119,0.582,4.18153550823099e-10,"GPi","C4H7NO3-H"
6.94290406609887e-12,-1.79439966688194,0.254,0.699,6.59575886279392e-10,"GPi","C4H8NO7P+Cl"
1.55815131437643e-11,-2.73178124016192,0.239,0.654,1.48024374865761e-09,"GPi","C5H5N5O-H"
6.80896274108761e-10,1.91497758744999,0.672,0.384,6.46851460403323e-08,"GPi","C5H12NO6P-H"
3.65893304228653e-09,-6.30256122714258,0.015,0.375,3.4759863901722e-07,"GPi","C5H10NO7P-H"
5.81331874015519e-09,-8.39999968619131,0,0.35,5.52265280314743e-07,"GPi","C6H6O6-H"
9.63763349252007e-09,-1.89884382860607,0.075,0.456,9.15575181789407e-07,"GPi","C6H8N2O4-H"
1.33694691552881e-08,-1.44983393384768,0.164,0.564,1.27009956975237e-06,"GPi","C7H12N2O3-H"
1.36460630715862e-08,-4.92180737966801,0.06,0.404,1.29637599180069e-06,"GPi","C6H10N2O4-H"
2.44176433833424e-08,-2.32047322675525,0.045,0.403,2.31967612141753e-06,"GPi","C5H7NO4-H"
3.334652044245e-08,-4.09630224482861,0.015,0.349,3.16791944203275e-06,"GPi","C11H16N2O8-H"
2.05808476733593e-07,1.61154411871406,0.567,0.31,1.95518052896913e-05,"GPi","C18H34O2-H"
3.52101022267022e-07,-1.42560400037652,0.507,0.762,3.34495971153671e-05,"GPi","C5H6O4-H"
2.13716086526276e-06,2.06267448115439,0.373,0.171,0.000203030282199962,"GPi","C6H10O6-H"
4.24287694878245e-06,-2.09838399874438,0.03,0.299,0.000403073310134332,"GPi","C11H19NO9-H"
7.51645473260294e-06,-1.24352601649266,0.075,0.36,0.000714063199597279,"GPi","C8H13NO5-H"
1.29040897900868e-05,-7.5697391412867,0,0.225,0.00122588853005825,"GPi","C6H7O6-H"
3.15411349070816e-05,-3.45443252686794,0.06,0.291,0.00299640781617275,"GPi","C11H17NO8-H"
0.00010172980254053,-1.5732446095573,0.09,0.316,0.00966433124135034,"GPi","C5H4N4O2-H"
0.000112010023518023,-2.46279211396064,0.045,0.252,0.0106409522342122,"GPi","C10H17N3O6-H"
0.000161616991812088,-2.08961662886374,0.104,0.321,0.0153536142221483,"GPi","C5H5N5O+Cl"
0.000447044362315265,-6.95158840383557,0,0.157,0.0424692144199501,"GPi","C5H4O5-H"
9.09009748571307e-27,2.41857335396037,0.927,0.347,8.63559261142742e-25,"SI","C11H16N2O8-H"
3.24890799936459e-15,1.21961955565578,1,0.658,3.08646259939636e-13,"SI","C6H12O9S-H"
1.68297835245548e-12,1.05546511481406,0.964,0.48,1.59882943483271e-10,"SI","C23H46NO7P-H"
1.83243094244746e-08,-1.5398490799697,0.527,0.807,1.74080939532509e-06,"SI","C5H8O5-H"
1.32429318366431e-07,-1.22327524899703,0.564,0.833,1.2580785244811e-05,"SI","C6H8O7-H"
3.53013642876655e-07,-1.64537332345575,0.473,0.732,3.35362960732822e-05,"SI","C5H5N5+Cl"
8.24278485080985e-07,1.01208048361075,0.655,0.335,7.83064560826935e-05,"SI","C8H15NO9S-H"
2.03650186630466e-06,-1.68283617140533,0.255,0.581,0.000193467677298943,"SI","C4H7NO3-H"
0.000115616441734509,-1.89463953434025,0.109,0.375,0.0109835619647783,"SI","C5H10NO7P-H"
0.000149453224493912,-1.34933610266953,0.2,0.455,0.0141980563269216,"SI","C6H8N2O4-H"
0.000307276848597296,-1.17115898874507,0.309,0.564,0.0291913006167431,"SI","C7H12N2O3-H"
0.000355512549091579,-6.90716113501335,0,0.191,0.0337736921637,"SI","C5H6O5-H"
8.69106470968363e-06,1.37393137588955,0.773,0.349,0.000825651147419944,"CA3sr","C6H6O6-H"
1.29032834482551e-05,1.33295198400357,0.682,0.269,0.00122581192758424,"CA3sr","C19H37O6P-H"
3.28473916895759e-05,1.38524118832349,0.636,0.251,0.00312050221050971,"CA3sr","C10H17N3O6-H"
5.82029743405312e-17,2.47147230619952,0.731,0.156,5.52928256235046e-15,"CA1sr","C5H4O5-H"
1.31558181130563e-14,1.0332848573628,1,0.949,1.24980272074034e-12,"CA1sr","C6H8O7+Cl"
9.46727190495638e-10,1.62891682493591,0.769,0.255,8.99390830970856e-08,"CA1sr","C5H8O6-H"
1.28552012575635e-09,-1.08459463475075,1,0.999,1.22124411946853e-07,"CA1sr","C6H10O6+Cl"
1.47693522433414e-08,1.4071443567577,0.962,0.454,1.40308846311743e-06,"CA1sr","C6H8N2O4-H"
2.03136782082678e-08,1.9625038491402,0.5,0.133,1.92979942978544e-06,"CA1sr","C7H12N2O4-H"
8.18690077966906e-07,1.17409602989748,0.808,0.349,7.77755574068561e-05,"CA1sr","C6H6O6-H"
7.47203833925147e-06,1.67182393010594,0.577,0.224,0.000709843642228889,"CA1sr","C6H7O6-H"
7.78963854198104e-06,1.61355005981546,0.615,0.251,0.000740015661488199,"CA1sr","C10H17N3O6-H"
7.05416045023967e-05,1.1897814261036,0.692,0.339,0.00670145242772768,"CA1sr","C3H7NO3-H"
9.02171225315859e-05,1.27745607834166,0.577,0.259,0.00857062664050066,"CA1sr","C28H38O4-H"
0.000196722938191172,1.01360873510399,0.462,0.18,0.0186886791281613,"CA1sr","C4H8N2O3-H"
0.00049307706470915,-3.43293620192412,0.038,0.386,0.0468423211473692,"CA1sr","C6H12O6-H"
