"GeneID","ENSEMBL"
"Abca1","ENSMUST00000030010"
"Acta2","ENSMUST00000039631"
"Adamts2","ENSMUSG00000036545"
"Adarb2","ENSMUSG00000052551"
"Adcyap1r1","ENSMUSG00000029778"
"Adgrv1","ENSMUSG00000069170"
"Adra1a","ENSMUSG00000045875"
"Aif1","ENSMUSG00000024397"
"Aim2","ENSMUSG00000037860"
"Aldh1l1","ENSMUSG00000030088"
"Aldoc","ENSMUSG00000017390"
"Alkal2","ENSMUSG00000054204"
"Amelx","ENSMUSG00000031354"
"Amigo2","ENSMUSG00000048218"
"Ank","ENSMUSG00000022265"
"Anxa2","ENSMUST00000034756"
"Apela","ENSMUSG00000079042"
"Apoe","ENSMUSG00000002985"
"App","ENSMUSG00000022892"
"Aqp4","ENSMUSG00000024411"
"Arg1","ENSMUST00000020161"
"Arhgap24","ENSMUSG00000057315"
"Arpc1b","ENSMUSG00000029622"
"Arpp21","ENSMUSG00000032503"
"Ascl1","ENSMUSG00000020052"
"Aurkb","ENSMUSG00000020897"
"Axl","ENSMUSG00000002602"
"B3galt1","ENSMUSG00000034780"
"B3gat1","ENSMUSG00000045994"
"Batf3","ENSMUSG00000026630"
"Bcas1","ENSMUSG00000013523"
"Bcl11b","ENSMUSG00000048251"
"Bcl2","ENSMUSG00000057329"
"Bcl6","ENSMUSG00000022508"
"Bhlhe22","ENSMUSG00000025128"
"Bin1","ENSMUSG00000024381"
"Blnk","ENSMUSG00000061132"
"Bmp3","ENSMUSG00000029335"
"Btg2","ENSMUSG00000020423"
"C1qa","ENSMUSG00000036887"
"C1qb","ENSMUSG00000036905"
"C3","ENSMUSG00000024164"
"C9","ENSMUSG00000022149"
"Cacna2d1","ENSMUSG00000040118"
"Calb1","ENSMUSG00000028222"
"Calb2","ENSMUSG00000003657"
"Camk2b","ENSMUSG00000057897"
"Car12","ENSMUSG00000032373"
"Carhsp1","ENSMUSG00000008393"
"Cartpt","ENSMUSG00000021647"
"Casp1","ENSMUSG00000025888"
"Casp3","ENSMUSG00000031628"
"Cbln1","ENSMUSG00000031654"
"Cbln4","ENSMUSG00000067578"
"Cck","ENSMUSG00000032532"
"Ccl2","ENSMUSG00000035385"
"Ccl4","ENSMUST00000019074"
"Ccl5","ENSMUSG00000035042"
"Ccn2","ENSMUSG00000019997"
"Cd14","ENSMUSG00000051439"
"Cd33","ENSMUSG00000004609"
"Cd3e","ENSMUST00000102832"
"Cd4","ENSMUST00000024044"
"Cd68","ENSMUSG00000018774"
"Cd74","ENSMUSG00000024610"
"Cd8a","ENSMUSG00000053977"
"Cdh8","ENSMUSG00000036510"
"Celf3","ENSMUSG00000028137"
"Celf4","ENSMUSG00000024268"
"Cfap126","ENSMUSG00000026649"
"Cfb","ENSMUSG00000090231"
"Cfd","ENSMUSG00000061780"
"Chat","ENSMUSG00000021919"
"Chodl","ENSMUSG00000022860"
"Chrna2","ENSMUSG00000022041"
"Chrna4","ENSMUSG00000027577"
"Chrna5","ENSMUSG00000035594"
"Cldn5","ENSMUST00000043577"
"Clec7a","ENSMUSG00000079293"
"Clu","ENSMUSG00000022037"
"Cnp","ENSMUSG00000006782"
"Cntn5","ENSMUSG00000039488"
"Cntnap2","ENSMUSG00000039419"
"Col19a1","ENSMUSG00000026141"
"Col24a1","ENSMUSG00000028197"
"Col25a1","ENSMUSG00000058897"
"Cort","ENSMUSG00000028971"
"Cox6a2","ENSMUSG00000030785"
"Cr2","ENSMUSG00000026616"
"Csf1","ENSMUSG00000014599"
"Csf1r","ENSMUSG00000024621"
"Csmd1","ENSMUSG00000060924"
"Cspg4","ENSMUSG00000032911"
"Cst7","ENSMUSG00000068129"
"Ctnna3","ENSMUSG00000060843"
"Ctnnb1","ENSMUSG00000006932"
"Ctsd","ENSMUSG00000007891"
"Ctss","ENSMUSG00000038642"
"Ctxn3","ENSMUSG00000069372"
"Cux1","ENSMUSG00000029705"
"Cux2","ENSMUSG00000042589"
"Cx3cl1","ENSMUSG00000031778"
"Cx3cr1","ENSMUSG00000052336"
"Cxcl14","ENSMUSG00000021508"
"Cyba","ENSMUSG00000006519"
"Cybb","ENSMUST00000015484"
"Cyp51","ENSMUST00000001507"
"Dach1","ENSMUSG00000055639"
"Dbpht2","ENSMUSG00000029878"
"Dcx","ENSMUSG00000031285"
"Ddit3","ENSMUSG00000025408"
"Deptor","ENSMUSG00000022419"
"Dhcr24","ENSMUST00000047973"
"Dkk1","ENSMUSG00000024868"
"Dkk3","ENSMUSG00000030772"
"Dkk4","ENSMUSG00000031535"
"Dlx1","ENSMUSG00000041911"
"Dlx5","ENSMUSG00000029755"
"Dpp10","ENSMUSG00000036815"
"Dscam","ENSMUSG00000050272"
"Dtna","ENSMUSG00000024302"
"Dvl1","ENSMUSG00000029071"
"Dvl2","ENSMUSG00000020888"
"Egln3","ENSMUSG00000035105"
"Egr1","ENSMUSG00000038418"
"Egr2","ENSMUSG00000037868"
"Elavl4","ENSMUSG00000028546"
"Elfn1","ENSMUSG00000048988"
"Endou","ENSMUSG00000022468"
"Eomes","ENSMUSG00000032446"
"Epas1","ENSMUSG00000024140"
"Epc1","ENSMUSG00000024240"
"Erbb4","ENSMUSG00000062209"
"Etv1","ENSMUSG00000004151"
"Fabp7","ENSMUSG00000019874"
"Fam107a","ENSMUSG00000021750"
"Fam155a","ENSMUSG00000079157"
"Fam84b","ENSMUSG00000072568"
"Fcer1g","ENSMUSG00000058715"
"Fcgr2b","ENSMUSG00000026656"
"Fdft1","ENSMUSG00000021273"
"Fezf2","ENSMUSG00000021743"
"Fgf14","ENSMUSG00000025551"
"Fgfr3","ENSMUSG00000054252"
"Fibcd1","ENSMUSG00000026841"
"Flt1","ENSMUSG00000029648"
"Fos","ENSMUSG00000021250"
"Foxp2","ENSMUSG00000029563"
"Foxp3","ENSMUSG00000039521"
"Frzb","ENSMUSG00000027004"
"Fstl1","ENSMUSG00000022816"
"Fth1","ENSMUSG00000024661"
"Fzd2","ENSMUSG00000050288"
"Fzd4","ENSMUSG00000049791"
"Fzd9","ENSMUSG00000049551"
"Gabra2","ENSMUSG00000000560"
"Gabrg1","ENSMUSG00000001260"
"Gad1","ENSMUSG00000070880"
"Gad2","ENSMUSG00000026787"
"Gal","ENSMUSG00000024907"
"Gfap","ENSMUSG00000020932"
"Glra3","ENSMUSG00000038257"
"Gm13629","ENSMUSG00000087301"
"Gng4","ENSMUSG00000021303"
"Gpc5","ENSMUSG00000022112"
"Gphn","ENSMUSG00000047454"
"Gpnmb","ENSMUSG00000029816"
"Gpr34","ENSMUSG00000040229"
"Gpr37","ENSMUSG00000039904"
"Gpx3","ENSMUSG00000018339"
"Grem1","ENSMUSG00000074934"
"Gria1","ENSMUSG00000020524"
"Grin3a","ENSMUSG00000039579"
"Grip1","ENSMUSG00000034813"
"Grn","ENSMUSG00000034708"
"Gsdmd","ENSMUSG00000022575"
"Gsk3b","ENSMUSG00000022812"
"Gusb","ENSMUSG00000025534"
"Gzmb","ENSMUST00000015581"
"H2-Ab1","ENSMUSG00000073421"
"H2-K1","ENSMUSG00000061232"
"Hap1","ENSMUSG00000006930"
"Hapln1","ENSMUSG00000021613"
"Hes5","ENSMUSG00000048001"
"Hes6","ENSMUSG00000067071"
"Hexb","ENSMUSG00000021665"
"Hey1","ENSMUSG00000040289"
"Hhip","ENSMUSG00000064325"
"Hif1a","ENSMUSG00000021109"
"Hk1","ENSMUSG00000037012"
"Hmgcr","ENSMUSG00000021670"
"Hmgn3","ENSMUSG00000066456"
"Hpca","ENSMUSG00000028785"
"Hpse","ENSMUSG00000035273"
"Hs3st4","ENSMUSG00000078591"
"Hsd11b1","ENSMUSG00000016194"
"Hspb8","ENSMUSG00000041548"
"Htr3a","ENSMUSG00000032269"
"Id1","ENSMUSG00000042745"
"Id2","ENSMUSG00000020644"
"Id3","ENSMUSG00000007872"
"Ifit1","ENSMUST00000102824"
"Ifnar1","ENSMUSG00000022967"
"Ifnb1","ENSMUSG00000048806"
"Ifng","ENSMUST00000068592"
"Ifngr1","ENSMUST00000020188"
"Igf1","ENSMUSG00000020053"
"Igfbp1","ENSMUSG00000020429"
"Igfbp6","ENSMUSG00000023046"
"Igfbpl1","ENSMUSG00000035551"
"Il10","ENSMUST00000016673"
"Il12a","ENSMUSG00000027776"
"Il18","ENSMUSG00000039217"
"Il1a","ENSMUSG00000027399"
"Il1b","ENSMUSG00000027398"
"Il1rapl1","ENSMUSG00000052372"
"Il6","ENSMUSG00000025746"
"Ildr2","ENSMUSG00000040612"
"Inhbb","ENSMUSG00000037035"
"Inpp4b","ENSMUSG00000037940"
"Irf7","ENSMUSG00000025498"
"Itgax","ENSMUSG00000030789"
"Itgb5","ENSMUSG00000022817"
"Jun","ENSMUSG00000052684"
"Junb","ENSMUSG00000052837"
"Jund","ENSMUSG00000071076"
"Kcnab3","ENSMUSG00000018470"
"Kcnh1","ENSMUSG00000058248"
"Kcnip2","ENSMUSG00000025221"
"Kcnip4","ENSMUSG00000029088"
"Kcnj8","ENSMUSG00000030247"
"Khdrbs3","ENSMUSG00000022332"
"Kif4","ENSMUSG00000034311"
"Kit","ENSMUSG00000005672"
"Kitl","ENSMUSG00000019966"
"Klf3","ENSMUSG00000029178"
"Klf6","ENSMUSG00000000078"
"Kremen1","ENSMUSG00000020393"
"Kremen2","ENSMUSG00000040680"
"L1cam","ENSMUSG00000031391"
"Lamp5","ENSMUSG00000027270"
"Lck","ENSMUSG00000000409"
"Lcn2","ENSMUST00000050785"
"Ldlr","ENSMUSG00000032193"
"Lgals3","ENSMUSG00000050335"
"Lhx6","ENSMUSG00000026890"
"Lhx8","ENSMUSG00000096225"
"Lingo1","ENSMUSG00000049556"
"Lpar1","ENSMUSG00000038668"
"Lpl","ENSMUSG00000015568"
"Lrmda","ENSMUSG00000063458"
"Lrp1b","ENSMUSG00000049252"
"Lrp5","ENSMUSG00000024913"
"Lrp6","ENSMUSG00000030201"
"Lrrc4c","ENSMUSG00000050587"
"Ly6d","ENSMUSG00000034634"
"Ly86","ENSMUSG00000021423"
"Lypd1","ENSMUSG00000026344"
"Lypd6","ENSMUSG00000050447"
"Lyz1","ENSMUSG00000069515"
"Lyz2","ENSMUSG00000069516"
"Man1a","ENSMUSG00000003746"
"Man2b1","ENSMUSG00000005142"
"Map2","ENSMUSG00000015222"
"Mbp","ENSMUSG00000041607"
"Mef2a","ENSMUSG00000030557"
"Mef2c","ENSMUSG00000005583"
"Meis2","ENSMUSG00000027210"
"Mertk","ENSMUST00000014505"
"Mgat4c","ENSMUSG00000019888"
"Mki67","ENSMUSG00000031004"
"Mog","ENSMUSG00000076439"
"Mpeg1","ENSMUSG00000046805"
"Mpped1","ENSMUSG00000041708"
"Mrc1","ENSMUST00000028045"
"Ms4a7","ENSMUSG00000024672"
"Mustn1","ENSMUST00000040715"
"Myh11","ENSMUSG00000018830"
"Myh8","ENSMUSG00000055775"
"Myt1l","ENSMUSG00000061911"
"Ndp","ENSMUSG00000040138"
"Ndst4","ENSMUSG00000027971"
"Neat1","ENSMUSG00000092274"
"Nefl","ENSMUST00000022639"
"Nell2","ENSMUSG00000022454"
"Nes","ENSMUSG00000004891"
"Neto1","ENSMUSG00000050321"
"Neurod1","ENSMUSG00000034701"
"Neurod4","ENSMUSG00000048015"
"Neurog2","ENSMUSG00000027967"
"Nfib","ENSMUSG00000008575"
"Nfic","ENSMUSG00000055053"
"Nfix","ENSMUSG00000001911"
"Nkg7","ENSMUSG00000004612"
"Nlrc4","ENSMUSG00000039193"
"Nlrp1a","ENSMUSG00000069830"
"Nlrp1b","ENSMUSG00000070390"
"Nlrp3","ENSMUSG00000032691"
"Nnat","ENSMUSG00000067786"
"Nos1","ENSMUSG00000029361"
"Nos2","ENSMUSG00000020826"
"Nox1","ENSMUSG00000031257"
"Nox4","ENSMUSG00000030562"
"Npas1","ENSMUSG00000001988"
"Npas3","ENSMUSG00000021010"
"Npr3","ENSMUSG00000022206"
"Npy","ENSMUSG00000029819"
"Nr1h3","ENSMUSG00000002108"
"Nr2f2","ENSMUSG00000030551"
"Nr3c1","ENSMUSG00000024431"
"Nr4a2","ENSMUSG00000026826"
"Nr5a1","ENSMUSG00000026751"
"Nrgn","ENSMUSG00000053310"
"Nrn1","ENSMUSG00000039114"
"Ntsr1","ENSMUSG00000027568"
"Nwd2","ENSMUSG00000090061"
"Nxph4","ENSMUSG00000040258"
"Obscn","ENSMUSG00000061462"
"Ogt","ENSMUSG00000034160"
"Olfml3","ENSMUSG00000027848"
"Olig2","ENSMUSG00000039830"
"Oprk1","ENSMUSG00000025905"
"Otof","ENSMUSG00000062372"
"P2rx7","ENSMUSG00000029468"
"P2ry12","ENSMUSG00000036353"
"Pax6","ENSMUSG00000027168"
"Pbx3","ENSMUSG00000038718"
"Pcdh15","ENSMUSG00000052613"
"Pcna","ENSMUSG00000027342"
"Pcp4","ENSMUSG00000090223"
"Pcp4l1","ENSMUSG00000038370"
"Pdcd1","ENSMUST00000027507"
"Pde1a","ENSMUSG00000059173"
"Pdgfra","ENSMUSG00000029231"
"Pdgfrb","ENSMUSG00000024620"
"Pdia5","ENSMUSG00000022844"
"Pdyn","ENSMUSG00000027400"
"Pecam1","ENSMUSG00000020717"
"Penk","ENSMUSG00000045573"
"Pf4","ENSMUST00000031320"
"Pgf","ENSMUSG00000004791"
"Piwil2","ENSMUSG00000033644"
"Plek","ENSMUSG00000020120"
"Plin2","ENSMUST00000000466"
"Plin3","ENSMUSG00000024197"
"Plk5","ENSMUSG00000035486"
"Pln","ENSMUSG00000038583"
"Plp1","ENSMUSG00000031425"
"Plxdc2","ENSMUSG00000026748"
"Pou3f2","ENSMUSG00000095139"
"Prdx6","ENSMUSG00000026701"
"Prf1","ENSMUSG00000037202"
"Prox1","ENSMUSG00000010175"
"Psap","ENSMUSG00000004207"
"Ptgs2","ENSMUSG00000032487"
"Pthlh","ENSMUSG00000048776"
"Ptn","ENSMUSG00000029838"
"Pvalb","ENSMUSG00000005716"
"Pycard","ENSMUSG00000030793"
"Rarb","ENSMUSG00000017491"
"Rasgef1b","ENSMUSG00000089809"
"Rasgrf2","ENSMUSG00000021708"
"Rbm34","ENSMUSG00000033931"
"Rbms3","ENSMUSG00000039607"
"Reln","ENSMUSG00000042453"
"Rfx4","ENSMUSG00000020037"
"Rgma","ENSMUSG00000070509"
"Rgs6","ENSMUSG00000021219"
"Rhoa","ENSMUSG00000007815"
"Rock1","ENSMUSG00000024290"
"Rora","ENSMUSG00000032238"
"Rorb","ENSMUSG00000036192"
"Rrm2","ENSMUSG00000020649"
"Rspo1","ENSMUSG00000028871"
"Rspo4","ENSMUSG00000032852"
"Rxfp1","ENSMUSG00000034009"
"Rxfp3","ENSMUSG00000060735"
"S100b","ENSMUSG00000033208"
"Satb1","ENSMUSG00000023927"
"Satb2","ENSMUSG00000038331"
"Scn7a","ENSMUSG00000034810"
"Scnn1a","ENSMUSG00000030340"
"Scrt2","ENSMUSG00000060257"
"Selplg","ENSMUST00000100874"
"Sema3c","ENSMUSG00000028780"
"Sema4g","ENSMUSG00000025207"
"Sema5a","ENSMUSG00000022231"
"Serpina3n","ENSMUSG00000021091"
"Sez6l","ENSMUSG00000058153"
"Sfrp1","ENSMUSG00000031548"
"Shisa9","ENSMUSG00000022494"
"Shox2","ENSMUSG00000027833"
"Slc12a5","ENSMUSG00000017740"
"Slc17a6","ENSMUSG00000030500"
"Slc17a7","ENSMUSG00000070570"
"Slc17a8","ENSMUSG00000019935"
"Slc1a3","ENSMUSG00000005360"
"Slc24a2","ENSMUSG00000037996"
"Slc26a3","ENSMUSG00000001225"
"Slc30a3","ENSMUSG00000029151"
"Slc32a1","ENSMUSG00000037771"
"Slc44a1","ENSMUSG00000028412"
"Slc6a1","ENSMUSG00000030310"
"Snap25","ENSMUSG00000027273"
"Sncg","ENSMUSG00000023064"
"Sned1","ENSMUSG00000047793"
"Soat1","ENSMUSG00000026600"
"Sorcs1","ENSMUSG00000043531"
"Sox1","ENSMUSG00000096014"
"Sox10","ENSMUSG00000033006"
"Sox11","ENSMUSG00000063632"
"Sox21","ENSMUSG00000061517"
"Sox4","ENSMUSG00000076431"
"Sox6","ENSMUSG00000051910"
"Sox9","ENSMUSG00000000567"
"Sp9","ENSMUSG00000068859"
"Sparc","ENSMUSG00000018593"
"Spi1","ENSMUSG00000002111"
"Spon1","ENSMUSG00000038156"
"Spp1","ENSMUSG00000029304"
"Srebf1","ENSMUSG00000020538"
"Sst","ENSMUSG00000004366"
"St18","ENSMUSG00000033740"
"Stat1","ENSMUSG00000026104"
"Stmn1","ENSMUSG00000028832"
"Stmn4","ENSMUSG00000022044"
"Syndig1","ENSMUSG00000074736"
"Syne1","ENSMUSG00000096054"
"Syp","ENSMUSG00000031144"
"Syt1","ENSMUSG00000035864"
"Syt2","ENSMUSG00000026452"
"Syt6","ENSMUSG00000027849"
"Tac1","ENSMUSG00000061762"
"Tacr1","ENSMUSG00000030043"
"Tacr3","ENSMUSG00000028172"
"Tbata","ENSMUSG00000020096"
"Tbr1","ENSMUSG00000035033"
"Tcf4","ENSMUSG00000053477"
"Tcf7","ENSMUSG00000000782"
"Tfap2b","ENSMUSG00000025927"
"Tfrc","ENSMUSG00000022797"
"Tgfb1","ENSMUST00000002678"
"Tgfb2","ENSMUSG00000039239"
"Th","ENSMUSG00000000214"
"Thsd7a","ENSMUSG00000032625"
"Tle4","ENSMUSG00000024642"
"Tlr2","ENSMUSG00000027995"
"Tlr4","ENSMUSG00000039005"
"Tlr9","ENSMUSG00000045322"
"Tmem119","ENSMUSG00000054675"
"Tnf","ENSMUSG00000024401"
"Tnr","ENSMUSG00000015829"
"Tox","ENSMUSG00000041272"
"Trem2","ENSMUSG00000023992"
"Trhr","ENSMUSG00000038760"
"Trib2","ENSMUSG00000020601"
"Trp53","ENSMUSG00000059552"
"Tshz2","ENSMUSG00000047907"
"Tspo","ENSMUST00000047419"
"Tubb3","ENSMUSG00000062380"
"Tubb5","ENSMUSG00000001525"
"Tyrobp","ENSMUSG00000030579"
"Ube2c","ENSMUSG00000001403"
"Unc5c","ENSMUSG00000059921"
"Unc5d","ENSMUSG00000063626"
"Ung","ENSMUSG00000029591"
"Usp18","ENSMUST00000032198"
"Vim","ENSMUSG00000026728"
"Vip","ENSMUSG00000019772"
"Vsir","ENSMUSG00000020101"
"Wif1","ENSMUSG00000020218"
"Wnt2","ENSMUSG00000010797"
"Wnt7a","ENSMUSG00000030093"
"Wnt7b","ENSMUSG00000022382"
"Wscd1","ENSMUSG00000020811"
"Zar1","ENSMUSG00000063935"
"Zbtb18","ENSMUSG00000063659"
"Zbtb20","ENSMUSG00000022708"
"Zeb2","ENSMUSG00000026872"
"Zfp385b","ENSMUSG00000027016"
"Zfp804a","ENSMUSG00000070866"
"Zic1","ENSMUSG00000032368"
